"Date","Price","Open","High","Low","Vol.","Change %"
"07/18/2024","28,653.85","28,340.42","28,832.77","28,340.42","247.02M","1.11%"
"07/17/2024","28,340.42","27,828.92","28,345.92","27,828.92","156.30M","1.84%"
"07/16/2024","27,828.92","27,952.04","28,094.99","27,786.44","151.67M","-0.44%"
"07/15/2024","27,952.04","28,042.06","28,197.34","27,917.53","160.54M","-0.32%"
"07/14/2024","28,042.06","28,287.98","28,531.84","27,997.98","179.91M","-0.87%"
"07/10/2024","28,287.98","28,466.24","28,702.04","28,268.95","200.41M","-0.63%"
"07/09/2024","28,466.24","28,411.87","28,518.10","28,258.93","152.94M","0.19%"
"07/08/2024","28,411.87","28,602.14","28,886.74","28,344.00","215.76M","-0.67%"
"07/07/2024","28,602.14","28,364.79","28,864.33","28,363.37","241.13M","0.84%"
"07/04/2024","28,364.79","28,161.17","28,460.63","28,151.67","163.64M","0.72%"
"07/03/2024","28,161.17","27,985.89","28,374.37","27,985.89","227.05M","0.63%"
"07/02/2024","27,985.89","27,969.59","28,174.67","27,925.42","299.38M","0.06%"
"07/01/2024","27,969.59","27,766.27","28,139.44","27,766.27","212.53M","0.73%"
"06/27/2024","27,766.27","27,500.56","27,938.98","27,499.63","270.23M","0.97%"
"06/26/2024","27,500.56","27,264.23","27,600.92","27,238.03","380.97M","0.87%"
"06/25/2024","27,264.23","26,902.40","27,269.92","26,747.87","143.56M","1.34%"
"06/24/2024","26,902.40","27,062.37","27,308.21","26,902.40","183.49M","-0.59%"
"06/23/2024","27,062.37","26,417.60","27,087.87","26,417.60","188.27M","2.44%"
"06/13/2024","26,417.60","26,133.39","26,556.76","26,133.39","151.23M","1.09%"
"06/12/2024","26,133.39","26,082.29","26,303.47","26,037.58","142.23M","0.20%"
"06/11/2024","26,082.29","25,896.56","26,350.16","25,869.99","219.08M","0.72%"
"06/10/2024","25,896.56","25,659.13","25,896.56","25,508.57","117.66M","0.93%"
"06/09/2024","25,659.13","26,428.65","26,457.59","25,652.74","168.34M","-2.91%"
"06/06/2024","26,428.65","26,634.30","26,656.15","26,356.42","140.62M","-0.77%"
"06/05/2024","26,634.30","26,973.00","26,973.00","26,241.88","240.86M","-1.26%"
"06/04/2024","26,973.00","26,834.47","27,170.91","26,834.47","246.29M","0.52%"
"06/03/2024","26,834.47","26,869.85","27,003.04","26,760.84","267.86M","-0.13%"
"06/02/2024","26,869.85","26,922.76","27,140.20","26,753.70","225.28M","-0.20%"
"05/30/2024","26,922.76","27,089.68","27,116.25","26,683.97","352.59M","-0.62%"
"05/29/2024","27,089.68","27,194.51","27,391.88","26,976.21","241.35M","-0.39%"
"05/28/2024","27,194.51","27,287.31","27,296.89","26,822.88","277.39M","-0.34%"
"05/27/2024","27,287.31","27,539.21","27,689.14","27,276.94","268.80M","-0.91%"
"05/26/2024","27,539.21","27,205.14","27,584.50","27,205.14","274.59M","1.23%"
"05/23/2024","27,205.14","27,227.44","27,415.59","27,196.78","236.42M","-0.08%"
"05/22/2024","27,227.44","27,224.80","27,442.67","26,963.82","213.13M","0.01%"
"05/21/2024","27,224.80","27,228.85","27,615.87","27,224.80","268.04M","-0.01%"
"05/20/2024","27,228.85","27,315.83","27,636.62","27,170.62","214.79M","-0.32%"
"05/19/2024","27,315.83","26,142.84","27,333.91","26,142.84","251.25M","4.49%"
"05/16/2024","26,142.84","25,316.08","26,165.90","25,316.08","258.88M","3.27%"
"05/15/2024","25,316.08","25,339.77","25,480.97","25,169.92","248.41M","-0.09%"
"05/14/2024","25,339.77","25,381.25","25,654.34","25,216.27","181.40M","-0.16%"
"05/13/2024","25,381.25","25,155.92","25,388.04","24,771.85","226.23M","0.90%"
"05/12/2024","25,155.92","26,003.16","26,265.08","24,972.47","258.17M","-3.26%"
"05/09/2024","26,003.16","25,988.93","26,273.69","25,844.98","257.58M","0.05%"
"05/08/2024","25,988.93","26,429.69","26,939.91","25,889.58","385.04M","-1.67%"
"05/07/2024","26,429.69","26,113.71","26,429.69","25,638.50","240.20M","1.21%"
"05/02/2024","26,113.71","25,270.55","26,168.25","25,188.67","189.62M","3.34%"
"05/01/2024","25,270.55","24,448.73","25,296.02","24,193.87","182.43M","3.36%"
"04/30/2024","24,448.73","26,011.28","26,097.30","24,409.83","264.22M","-6.01%"
"04/29/2024","26,011.28","24,639.63","26,011.28","24,637.16","220.16M","5.57%"
"04/28/2024","24,639.63","25,917.59","26,005.67","24,639.63","208.46M","-4.93%"
"04/24/2024","25,917.59","26,777.05","26,785.06","25,502.32","338.66M","-3.21%"
"04/23/2024","26,777.05","28,144.22","28,167.48","26,755.19","305.68M","-4.86%"
"04/22/2024","28,144.22","28,623.39","28,849.68","28,144.22","227.62M","-1.67%"
"04/21/2024","28,623.39","28,332.65","28,941.42","28,332.65","260.24M","1.03%"
"04/18/2024","28,332.65","29,667.71","30,072.10","27,796.10","385.15M","-4.50%"
"04/17/2024","29,667.71","29,400.84","29,867.36","29,400.57","295.53M","0.91%"
"04/16/2024","29,400.84","29,616.47","29,797.23","29,387.73","344.62M","-0.73%"
"04/15/2024","29,616.47","28,503.75","29,664.30","28,503.75","248.38M","3.90%"
"04/08/2024","28,503.75","28,151.66","28,555.11","28,130.53","119.88M","1.25%"
"04/07/2024","28,151.66","28,506.16","28,894.44","28,151.66","185.41M","-1.24%"
"04/04/2024","28,506.16","27,937.22","28,618.34","27,937.22","214.65M","2.04%"
"04/03/2024","27,937.22","27,934.36","27,978.76","27,643.50","141.80M","0.01%"
"04/02/2024","27,934.36","28,297.17","28,659.08","27,934.36","217.54M","-1.28%"
"04/01/2024","28,297.17","26,883.39","28,297.17","26,883.39","199.76M","5.26%"
"03/31/2024","26,883.39","27,559.35","27,631.72","26,746.24","148.32M","-2.45%"
"03/28/2024","27,559.35","28,224.37","28,224.37","27,559.35","151.06M","-2.36%"
"03/27/2024","28,224.37","29,057.50","29,114.08","28,054.18","160.63M","-2.87%"
"03/26/2024","29,057.50","29,344.46","29,538.43","28,997.13","211.16M","-0.98%"
"03/25/2024","29,344.46","29,060.02","29,344.46","28,935.94","196.53M","0.98%"
"03/24/2024","29,060.02","29,054.96","29,381.38","28,764.76","224.61M","0.02%"
"03/21/2024","29,054.96","28,589.37","29,096.93","28,280.76","258.51M","1.63%"
"03/20/2024","28,589.37","28,675.70","29,229.67","28,542.99","177.70M","-0.30%"
"03/19/2024","28,675.70","29,091.29","29,091.29","28,167.52","206.62M","-1.43%"
"03/18/2024","29,091.29","31,061.88","31,065.50","29,091.29","250.35M","-6.34%"
"03/17/2024","31,061.88","31,316.43","31,781.24","31,061.88","260.29M","-0.81%"
"03/14/2024","31,316.43","31,013.88","31,594.31","29,959.19","215.08M","0.98%"
"03/13/2024","31,013.88","32,661.61","32,746.61","30,485.21","324.64M","-5.04%"
"03/12/2024","32,661.61","33,382.51","33,382.51","31,979.55","249.44M","-2.16%"
"03/11/2024","33,382.51","32,919.95","34,499.42","32,919.95","357.31M","1.41%"
"03/10/2024","32,919.95","31,300.54","33,062.98","31,300.54","396.58M","5.17%"
"03/07/2024","31,300.54","29,743.11","31,300.54","29,743.11","287.31M","5.24%"
"03/06/2024","29,743.11","30,668.89","32,217.79","29,743.11","433.39M","-3.02%"
"03/05/2024","30,668.89","30,542.33","31,162.75","30,142.07","371.97M","0.41%"
"03/04/2024","30,542.33","29,058.33","30,643.95","29,058.33","364.84M","5.11%"
"03/03/2024","29,058.33","28,964.41","29,398.57","28,564.79","198.12M","0.32%"
"02/29/2024","28,964.41","28,876.46","29,195.67","28,358.83","233.53M","0.30%"
"02/28/2024","28,876.46","29,205.16","29,792.91","28,876.46","288.02M","-1.13%"
"02/27/2024","29,205.16","28,931.92","30,035.83","28,931.92","475.08M","0.94%"
"02/26/2024","28,931.92","27,840.86","29,341.16","27,806.45","432.94M","3.92%"
"02/25/2024","27,840.86","29,309.73","29,309.73","27,106.26","500.65M","-5.01%"
"02/22/2024","29,309.73","29,292.05","29,475.80","29,211.75","227.96M","0.06%"
"02/21/2024","29,292.05","29,330.66","29,497.60","29,150.82","302.29M","-0.13%"
"02/20/2024","29,330.66","29,452.40","29,660.61","29,323.75","500.74M","-0.41%"
"02/19/2024","29,452.40","29,125.57","29,498.39","29,104.68","354.35M","1.12%"
"02/18/2024","29,125.57","28,926.15","29,178.09","28,926.15","388.16M","0.69%"
"02/15/2024","28,926.15","28,874.99","29,073.30","28,810.56","481.27M","0.18%"
"02/14/2024","28,874.99","28,604.54","28,973.34","28,604.54","503.06M","0.95%"
"02/13/2024","28,604.54","28,494.72","28,836.39","28,306.56","353.48M","0.39%"
"02/12/2024","28,494.72","28,199.04","28,690.51","27,682.75","208.06M","1.05%"
"02/11/2024","28,199.04","28,411.41","28,621.86","27,972.28","267.02M","-0.75%"
"02/08/2024","28,411.41","27,905.95","28,411.41","27,864.33","243.42M","1.81%"
"02/07/2024","27,905.95","27,270.63","28,281.10","27,270.63","278.98M","2.33%"
"02/06/2024","27,270.63","27,665.75","27,881.32","27,034.49","367.85M","-1.43%"
"02/05/2024","27,665.75","27,573.50","27,902.36","27,501.60","338.56M","0.33%"
"02/04/2024","27,573.50","28,434.37","28,477.74","27,162.86","224.42M","-3.03%"
"02/01/2024","28,434.37","28,281.91","28,486.91","26,465.07","241.29M","0.54%"
"01/31/2024","28,281.91","30,347.30","30,695.60","28,224.41","415.49M","-6.81%"
"01/30/2024","30,347.30","29,227.79","30,347.30","29,193.92","324.39M","3.83%"
"01/29/2024","29,227.79","28,625.76","29,430.92","28,625.76","281.64M","2.10%"
"01/28/2024","28,625.76","27,666.18","28,847.92","27,666.18","303.44M","3.47%"
"01/24/2024","27,666.18","27,587.00","27,702.46","27,467.36","345.10M","0.29%"
"01/23/2024","27,587.00","28,050.33","28,102.33","27,536.52","434.08M","-1.65%"
"01/22/2024","28,050.33","27,719.37","28,120.90","27,719.37","489.31M","1.19%"
"01/21/2024","27,719.37","26,842.67","27,741.56","26,842.67","249.24M","3.27%"
"01/18/2024","26,842.67","26,758.26","26,931.61","26,670.26","194.42M","0.32%"
"01/17/2024","26,758.26","26,938.14","27,166.98","26,756.70","266.31M","-0.67%"
"01/16/2024","26,938.14","26,250.73","26,938.14","26,250.73","290.36M","2.62%"
"01/15/2024","26,250.73","25,974.84","26,377.36","25,974.84","201.50M","1.06%"
"01/14/2024","25,974.84","25,519.25","25,996.31","25,519.25","154.23M","1.79%"
"01/11/2024","25,519.25","25,466.75","25,576.13","25,367.83","170.77M","0.21%"
"01/10/2024","25,466.75","25,589.99","25,708.30","25,466.75","163.37M","-0.48%"
"01/09/2024","25,589.99","25,344.63","25,622.96","25,344.63","206.91M","0.97%"
"01/08/2024","25,344.63","25,350.28","25,495.50","25,278.23","149.77M","-0.02%"
"01/04/2024","25,350.28","25,408.51","25,478.96","25,323.85","189.08M","-0.23%"
"01/03/2024","25,408.51","25,501.94","25,653.23","25,381.93","309.40M","-0.37%"
"01/02/2024","25,501.94","24,894.26","25,501.94","24,894.26","184.28M","2.44%"
"12/31/2023","24,894.26","24,691.43","25,144.43","24,691.43","146.38M","0.82%"
"12/28/2023","24,691.43","24,351.12","25,780.70","24,351.12","199.10M","1.40%"
"12/27/2023","24,351.12","23,994.54","24,481.08","23,994.54","178.66M","1.49%"
"12/26/2023","23,994.54","24,226.68","24,408.08","23,857.50","229.16M","-0.96%"
"12/25/2023","24,226.68","23,822.17","24,262.07","23,728.23","163.86M","1.70%"
"12/24/2023","23,822.17","24,305.09","24,579.60","23,822.17","153.02M","-1.99%"
"12/21/2023","24,305.09","24,837.56","25,077.59","24,261.88","172.27M","-2.14%"
"12/20/2023","24,837.56","25,076.42","25,263.79","24,831.11","122.18M","-0.95%"
"12/19/2023","25,076.42","25,334.09","25,532.20","25,076.42","194.99M","-1.02%"
"12/18/2023","25,334.09","24,792.14","25,422.08","24,792.14","204.88M","2.19%"
"12/17/2023","24,792.14","24,722.82","24,979.60","24,722.82","152.26M","0.28%"
"12/14/2023","24,722.82","24,773.92","25,056.43","24,722.82","239.11M","-0.21%"
"12/13/2023","24,773.92","24,071.66","24,828.13","24,071.66","210.27M","2.92%"
"12/12/2023","24,071.66","24,182.06","24,414.73","23,968.87","203.89M","-0.46%"
"12/11/2023","24,182.06","24,189.83","24,260.98","23,941.25","249.98M","-0.03%"
"12/10/2023","24,189.83","24,686.16","24,773.06","24,189.83","231.64M","-2.01%"
"12/07/2023","24,686.16","24,703.55","24,712.70","24,055.32","234.73M","-0.07%"
"12/06/2023","24,703.55","25,127.91","25,311.40","24,702.38","280.24M","-1.69%"
"12/05/2023","25,127.91","25,265.41","25,446.14","24,977.73","399.97M","-0.54%"
"12/04/2023","25,265.41","24,571.98","25,323.48","24,571.98","357.89M","2.82%"
"12/03/2023","24,571.98","24,735.39","24,809.93","24,491.70","227.29M","-0.66%"
"11/30/2023","24,735.39","24,759.16","25,017.01","24,416.90","281.86M","-0.10%"
"11/29/2023","24,759.16","25,121.73","25,204.84","24,553.42","299.24M","-1.44%"
"11/28/2023","25,121.73","25,905.54","25,930.12","25,121.73","273.85M","-3.03%"
"11/27/2023","25,905.54","25,300.32","25,945.58","25,300.32","376.14M","2.39%"
"11/26/2023","25,300.32","25,519.49","25,743.23","25,241.52","302.66M","-0.86%"
"11/23/2023","25,519.49","25,029.57","25,563.41","25,029.57","329.53M","1.96%"
"11/22/2023","25,029.57","24,774.04","25,098.40","24,774.04","227.89M","1.03%"
"11/21/2023","24,774.04","24,760.02","24,774.04","24,517.90","216.01M","0.06%"
"11/20/2023","24,760.02","24,899.59","25,337.90","24,726.00","242.59M","-0.56%"
"11/19/2023","24,899.59","24,383.27","24,958.79","24,383.27","270.69M","2.12%"
"11/16/2023","24,383.27","24,138.80","24,451.71","24,138.80","294.70M","1.01%"
"11/15/2023","24,138.80","23,894.06","24,196.97","23,894.06","274.90M","1.02%"
"11/14/2023","23,894.06","23,954.96","24,216.58","23,842.85","298.91M","-0.25%"
"11/13/2023","23,954.96","23,910.66","24,073.77","23,694.68","182.09M","0.19%"
"11/12/2023","23,910.66","24,312.92","24,473.74","23,857.08","233.34M","-1.65%"
"11/09/2023","24,312.92","23,986.56","24,543.08","23,986.56","290.75M","1.36%"
"11/08/2023","23,986.56","23,393.41","24,136.44","23,393.41","247.48M","2.54%"
"11/07/2023","23,393.41","23,059.15","23,477.77","23,059.15","365.29M","1.45%"
"11/06/2023","23,059.15","23,094.69","23,246.11","23,011.39","336.34M","-0.15%"
"11/05/2023","23,094.69","22,639.59","23,247.24","22,639.59","337.10M","2.01%"
"11/02/2023","22,639.59","22,433.38","22,882.69","22,433.38","221.60M","0.92%"
"11/01/2023","22,433.38","22,550.65","22,911.98","22,201.56","259.00M","-0.52%"
"10/31/2023","22,550.65","23,435.65","23,573.84","22,550.65","375.01M","-3.78%"
"10/30/2023","23,435.65","23,086.72","23,559.20","23,086.72","396.07M","1.51%"
"10/29/2023","23,086.72","23,262.27","23,413.14","23,086.72","580.50M","-0.75%"
"10/26/2023","23,262.27","23,131.96","23,439.40","22,911.53","388.61M","0.56%"
"10/25/2023","23,131.96","22,377.39","23,226.61","22,377.39","348.12M","3.37%"
"10/24/2023","22,377.39","22,572.49","22,841.22","21,858.48","228.86M","-0.86%"
"10/23/2023","22,572.49","22,128.49","22,616.58","22,128.49","240.04M","2.01%"
"10/22/2023","22,128.49","21,616.60","22,202.78","21,586.32","171.62M","2.37%"
"10/19/2023","21,616.60","22,117.40","22,217.68","21,616.60","244.34M","-2.26%"
"10/18/2023","22,117.40","22,073.95","22,423.59","21,972.82","287.02M","0.20%"
"10/17/2023","22,073.95","21,032.35","22,142.88","21,032.35","327.02M","4.95%"
"10/16/2023","21,032.35","20,324.96","21,328.74","20,324.96","274.15M","3.48%"
"10/15/2023","20,324.96","20,002.10","20,464.66","20,002.10","167.68M","1.61%"
"10/12/2023","20,002.10","19,653.49","20,002.10","19,653.49","157.88M","1.77%"
"10/11/2023","19,653.49","19,724.32","19,913.82","19,653.49","133.22M","-0.36%"
"10/10/2023","19,724.32","19,409.78","19,749.01","19,276.31","132.99M","1.62%"
"10/09/2023","19,409.78","19,357.42","19,464.73","19,219.31","108.63M","0.27%"
"10/08/2023","19,357.42","19,873.31","19,873.31","18,455.68","202.25M","-2.60%"
"10/04/2023","19,873.31","19,706.96","19,896.46","19,661.31","118.56M","0.84%"
"10/03/2023","19,706.96","19,901.24","19,927.22","19,652.16","115.00M","-0.98%"
"10/02/2023","19,901.24","20,054.72","20,162.05","19,608.68","208.97M","-0.77%"
"10/01/2023","20,054.72","20,174.28","20,223.85","19,979.56","136.22M","-0.59%"
"09/27/2023","20,174.28","20,354.86","20,429.44","20,086.40","171.06M","-0.89%"
"09/26/2023","20,354.86","20,320.56","20,531.31","20,320.56","209.81M","0.17%"
"09/25/2023","20,320.56","20,213.70","20,498.51","20,213.70","215.20M","0.53%"
"09/24/2023","20,213.70","20,080.57","20,325.68","20,077.36","160.22M","0.66%"
"09/21/2023","20,080.57","19,797.23","20,082.10","19,692.41","160.29M","1.43%"
"09/20/2023","19,797.23","19,954.30","20,264.21","19,715.05","210.90M","-0.79%"
"09/19/2023","19,954.30","19,751.78","20,049.38","19,712.25","190.78M","1.03%"
"09/18/2023","19,751.78","19,668.82","19,762.40","19,586.73","190.18M","0.42%"
"09/17/2023","19,668.82","19,540.33","19,772.59","19,540.33","238.38M","0.66%"
"09/14/2023","19,540.33","19,361.70","19,642.41","19,361.70","143.07M","0.92%"
"09/13/2023","19,361.70","19,144.09","19,408.92","19,144.09","104.04M","1.14%"
"09/12/2023","19,144.09","19,278.72","19,286.18","19,112.04","128.77M","-0.70%"
"09/11/2023","19,278.72","19,577.85","19,601.83","19,238.48","199.13M","-1.53%"
"09/10/2023","19,577.85","19,375.68","19,676.23","19,375.64","198.24M","1.04%"
"09/07/2023","19,375.68","19,224.52","19,471.40","19,224.48","126.02M","0.79%"
"09/06/2023","19,224.52","19,044.39","19,287.49","19,044.39","186.24M","0.95%"
"09/05/2023","19,044.39","18,910.99","19,146.68","18,910.99","173.82M","0.71%"
"09/04/2023","18,910.99","18,726.01","18,945.66","18,726.01","147.93M","0.99%"
"09/03/2023","18,726.01","18,873.82","18,955.40","18,726.01","110.03M","-0.78%"
"08/31/2023","18,873.82","18,818.15","18,884.84","18,726.46","131.97M","0.30%"
"08/30/2023","18,818.15","18,629.34","18,832.19","18,629.34","150.63M","1.01%"
"08/29/2023","18,629.34","18,584.84","18,709.86","18,584.84","220.66M","0.24%"
"08/28/2023","18,584.84","18,516.59","18,757.12","18,516.59","272.19M","0.37%"
"08/27/2023","18,516.59","18,207.82","18,516.59","18,207.82","134.13M","1.70%"
"08/24/2023","18,207.82","18,133.42","18,237.14","18,133.42","193.82M","0.41%"
"08/23/2023","18,133.42","18,216.63","18,322.06","18,130.61","226.10M","-0.46%"
"08/22/2023","18,216.63","17,920.48","18,256.74","17,920.48","169.65M","1.65%"
"08/21/2023","17,920.48","18,033.22","18,123.52","17,899.69","187.22M","-0.63%"
"08/20/2023","18,033.22","17,969.27","18,101.10","17,969.27","157.45M","0.36%"
"08/17/2023","17,969.27","18,062.50","18,130.45","17,956.88","162.62M","-0.52%"
"08/16/2023","18,062.50","17,965.32","18,166.70","17,936.39","220.48M","0.54%"
"08/15/2023","17,965.32","17,897.50","17,978.74","17,885.44","188.31M","0.38%"
"08/14/2023","17,897.50","17,856.07","18,066.71","17,856.07","288.83M","0.23%"
"08/13/2023","17,856.07","17,710.20","17,856.75","17,710.20","209.00M","0.82%"
"08/10/2023","17,710.20","17,763.63","17,813.07","17,693.52","217.75M","-0.30%"
"08/09/2023","17,763.63","17,748.89","17,910.10","17,746.30","299.07M","0.08%"
"08/08/2023","17,748.89","17,839.48","17,938.14","17,748.89","395.74M","-0.51%"
"08/07/2023","17,839.48","17,697.49","17,865.79","17,697.49","359.64M","0.80%"
"08/06/2023","17,697.49","17,451.44","17,708.06","17,451.44","305.66M","1.41%"
"08/03/2023","17,451.44","17,455.60","17,506.51","17,380.54","294.84M","-0.02%"
"08/02/2023","17,455.60","17,514.11","17,610.40","17,427.89","480.96M","-0.33%"
"08/01/2023","17,514.11","17,595.92","17,663.92","17,499.06","336.68M","-0.46%"
"07/31/2023","17,595.92","17,554.56","17,630.12","17,522.99","121.84M","0.24%"
"07/30/2023","17,554.56","17,339.06","17,617.24","17,334.46","94.80M","1.24%"
"07/27/2023","17,339.06","17,396.24","17,422.11","17,304.99","75.72M","-0.33%"
"07/26/2023","17,396.24","17,479.94","17,549.11","17,396.24","69.04M","-0.48%"
"07/25/2023","17,479.94","17,550.23","17,761.43","17,441.68","108.10M","-0.40%"
"07/24/2023","17,550.23","17,578.67","17,725.14","17,528.75","71.91M","-0.16%"
"07/19/2023","17,578.67","17,608.32","17,624.23","17,530.52","97.97M","-0.17%"
"07/18/2023","17,608.32","17,512.01","17,671.13","17,512.01","139.85M","0.55%"
"07/17/2023","17,512.01","17,343.13","17,667.81","17,324.44","123.57M","0.97%"
"07/16/2023","17,343.13","17,342.29","17,437.24","17,342.29","100.26M","0.00%"
"07/13/2023","17,342.29","17,144.22","17,448.94","17,144.22","137.22M","1.16%"
"07/12/2023","17,144.22","17,155.23","17,205.71","17,063.10","134.50M","-0.06%"
"07/11/2023","17,155.23","16,963.13","17,223.84","16,903.96","140.62M","1.13%"
"07/10/2023","16,963.13","16,555.12","16,970.35","16,555.12","135.18M","2.46%"
"07/09/2023","16,555.12","17,102.30","17,104.24","16,555.12","170.77M","-3.20%"
"07/06/2023","17,102.30","17,380.33","17,430.07","17,078.65","116.18M","-1.60%"
"07/05/2023","17,380.33","17,466.18","17,564.24","17,380.33","104.72M","-0.49%"
"07/04/2023","17,466.18","17,665.29","17,729.98","17,376.50","93.58M","-1.13%"
"06/26/2023","17,665.29","17,287.64","17,665.29","17,287.64","118.38M","2.18%"
"06/25/2023","17,287.64","17,712.93","17,743.13","17,287.64","153.03M","-2.40%"
"06/22/2023","17,712.93","17,706.08","17,720.40","17,579.97","151.62M","0.04%"
"06/21/2023","17,706.08","17,921.92","17,933.51","17,685.24","124.58M","-1.20%"
"06/20/2023","17,921.92","17,988.95","18,071.47","17,860.93","138.64M","-0.37%"
"06/19/2023","17,988.95","18,026.17","18,217.67","17,872.61","201.13M","-0.21%"
"06/18/2023","18,026.17","17,881.52","18,096.20","17,881.52","134.60M","0.81%"
"06/15/2023","17,881.52","17,873.28","17,892.29","17,739.67","183.66M","0.05%"
"06/14/2023","17,873.28","17,866.81","18,056.54","17,848.62","245.98M","0.04%"
"06/13/2023","17,866.81","17,704.58","17,949.17","17,704.58","294.67M","0.92%"
"06/12/2023","17,704.58","17,739.63","17,856.21","17,655.28","107.10M","-0.20%"
"06/11/2023","17,739.63","17,521.36","17,825.96","17,521.36","398.42M","1.25%"
"06/08/2023","17,521.36","17,347.57","17,521.36","17,304.72","180.68M","1.00%"
"06/07/2023","17,347.57","17,491.18","17,602.02","17,315.75","331.49M","-0.82%"
"06/06/2023","17,491.18","17,345.90","17,637.95","17,345.90","352.84M","0.84%"
"06/05/2023","17,345.90","17,455.48","17,570.55","17,341.28","311.90M","-0.63%"
"06/04/2023","17,455.48","17,533.31","17,706.61","17,452.89","398.42M","-0.44%"
"06/01/2023","17,533.31","17,495.77","17,629.17","17,495.77","261.47M","0.21%"
"05/31/2023","17,495.77","17,534.59","17,747.07","17,495.77","269.80M","-0.22%"
"05/30/2023","17,534.59","17,211.84","17,544.85","17,211.84","250.90M","1.88%"
"05/29/2023","17,211.84","17,131.45","17,217.13","17,065.03","174.92M","0.47%"
"05/28/2023","17,131.45","17,043.62","17,161.31","17,043.62","147.49M","0.52%"
"05/25/2023","17,043.62","17,090.56","17,240.66","17,043.62","152.08M","-0.27%"
"05/24/2023","17,090.56","16,787.71","17,090.56","16,787.71","174.92M","1.80%"
"05/23/2023","16,787.71","16,764.41","16,790.33","16,636.86","155.96M","0.14%"
"05/22/2023","16,764.41","16,860.88","17,034.88","16,748.81","122.16M","-0.57%"
"05/21/2023","16,860.88","16,745.54","16,937.01","16,745.32","131.40M","0.69%"
"05/18/2023","16,745.54","16,844.01","16,875.30","16,562.59","141.10M","-0.58%"
"05/17/2023","16,844.01","17,033.99","17,105.57","16,807.10","152.59M","-1.12%"
"05/16/2023","17,033.99","17,135.55","17,139.51","16,903.18","190.11M","-0.59%"
"05/15/2023","17,135.55","17,369.13","17,523.49","17,135.55","186.52M","-1.34%"
"05/14/2023","17,369.13","17,270.69","17,373.28","17,151.67","181.62M","0.57%"
"05/11/2023","17,270.69","17,494.73","17,556.44","17,204.93","170.67M","-1.28%"
"05/10/2023","17,494.73","17,326.27","17,494.73","17,204.43","215.06M","0.97%"
"05/09/2023","17,326.27","17,642.97","17,832.74","17,276.11","252.19M","-1.80%"
"05/08/2023","17,642.97","17,235.31","17,642.97","17,235.31","183.73M","2.37%"
"05/07/2023","17,235.31","17,295.27","17,296.63","17,109.60","108.86M","-0.35%"
"05/03/2023","17,295.27","17,300.56","17,420.52","17,205.08","140.98M","-0.03%"
"05/02/2023","17,300.56","17,310.83","17,367.17","17,207.96","132.50M","-0.06%"
"05/01/2023","17,310.83","17,667.74","17,691.82","17,294.33","177.16M","-2.02%"
"04/30/2023","17,667.74","17,796.91","18,142.59","17,613.85","268.10M","-0.73%"
"04/27/2023","17,796.91","17,452.22","17,851.15","17,452.22","249.08M","1.98%"
"04/26/2023","17,452.22","17,516.04","17,557.18","17,361.47","147.57M","-0.36%"
"04/19/2023","17,516.04","17,538.97","17,644.11","17,427.59","177.57M","-0.13%"
"04/18/2023","17,538.97","17,671.27","17,671.27","17,175.23","138.29M","-0.75%"
"04/13/2023","17,671.27","16,741.45","17,671.27","16,741.45","126.24M","5.55%"
"04/12/2023","16,741.45","17,011.68","17,011.68","16,696.78","136.76M","-1.59%"
"04/11/2023","17,011.68","16,774.64","17,011.68","16,774.64","125.32M","1.41%"
"04/10/2023","16,774.64","16,674.87","16,838.78","16,674.87","170.78M","0.60%"
"04/09/2023","16,674.87","16,709.28","16,756.95","16,610.53","136.48M","-0.21%"
"04/06/2023","16,709.28","17,019.25","17,036.33","16,709.28","115.69M","-1.82%"
"04/05/2023","17,019.25","16,998.35","17,076.83","16,963.89","143.20M","0.12%"
"04/04/2023","16,998.35","17,056.89","17,111.67","16,928.03","214.26M","-0.34%"
"04/03/2023","17,056.89","16,694.46","17,107.33","16,694.46","228.28M","2.17%"
"04/02/2023","16,694.46","16,418.53","16,694.46","16,416.13","90.50M","1.68%"
"03/30/2023","16,418.53","16,411.37","16,644.74","16,284.65","144.34M","0.04%"
"03/29/2023","16,411.37","15,906.42","16,411.37","15,906.42","154.68M","3.17%"
"03/28/2023","15,906.42","15,950.09","15,998.32","15,696.62","117.32M","-0.27%"
"03/27/2023","15,950.09","15,989.18","16,100.64","15,902.33","157.23M","-0.24%"
"03/26/2023","15,989.18","15,625.08","16,013.47","15,625.08","141.19M","2.33%"
"03/23/2023","15,625.08","15,253.22","15,625.08","15,200.37","81.93M","2.44%"
"03/22/2023","15,253.22","15,325.66","15,488.01","15,153.58","95.82M","-0.47%"
"03/21/2023","15,325.66","14,923.81","15,403.92","14,923.81","113.66M","2.69%"
"03/20/2023","14,923.81","14,681.12","15,165.46","14,662.13","127.14M","1.65%"
"03/19/2023","14,681.12","14,704.18","14,780.86","14,425.82","70.29M","-0.16%"
"03/16/2023","14,704.18","14,724.44","15,052.08","14,611.93","180.99M","-0.14%"
"03/15/2023","14,724.44","15,362.25","15,703.89","14,724.44","141.35M","-4.15%"
"03/14/2023","15,362.25","15,438.50","15,506.19","15,281.67","101.43M","-0.49%"
"03/13/2023","15,438.50","15,936.89","16,089.26","15,275.09","157.60M","-3.13%"
"03/12/2023","15,936.89","16,454.31","16,468.36","15,936.89","108.62M","-3.14%"
"03/09/2023","16,454.31","16,315.62","16,555.99","16,283.78","88.38M","0.85%"
"03/08/2023","16,315.62","16,432.56","16,532.41","16,226.61","103.54M","-0.71%"
"03/07/2023","16,432.56","16,803.89","16,872.05","16,400.79","99.50M","-2.21%"
"03/06/2023","16,803.89","16,827.65","17,057.02","16,803.89","99.85M","-0.14%"
"03/05/2023","16,827.65","16,846.79","16,929.88","16,713.66","83.04M","-0.11%"
"03/02/2023","16,846.79","17,123.01","17,183.44","16,846.79","117.14M","-1.61%"
"03/01/2023","17,123.01","17,002.08","17,128.75","16,976.78","166.10M","0.71%"
"02/28/2023","17,002.08","17,098.16","17,162.15","16,936.69","171.60M","-0.56%"
"02/27/2023","17,098.16","17,213.01","17,359.92","17,098.16","162.68M","-0.67%"
"02/26/2023","17,213.01","17,003.90","17,295.46","16,992.99","93.69M","1.23%"
"02/23/2023","17,003.90","16,777.20","17,003.90","16,733.06","106.95M","1.35%"
"02/22/2023","16,777.20","17,039.45","17,103.05","16,672.92","122.02M","-1.54%"
"02/21/2023","17,039.45","16,814.00","17,046.37","16,714.32","117.01M","1.34%"
"02/20/2023","16,814.00","17,326.61","17,404.04","16,798.65","133.24M","-2.96%"
"02/19/2023","17,326.61","17,488.87","17,621.00","17,326.61","143.77M","-0.93%"
"02/16/2023","17,488.87","17,522.56","17,724.83","17,488.87","201.21M","-0.19%"
"02/15/2023","17,522.56","17,430.98","17,657.23","17,418.80","224.30M","0.53%"
"02/14/2023","17,430.98","17,214.56","17,438.58","17,214.56","251.52M","1.26%"
"02/13/2023","17,214.56","17,287.09","17,450.50","17,113.22","127.84M","-0.42%"
"02/12/2023","17,287.09","17,613.78","17,613.78","17,198.46","150.29M","-1.85%"
"02/09/2023","17,613.78","16,948.08","17,613.78","16,948.08","180.36M","3.93%"
"02/08/2023","16,948.08","16,900.43","17,081.29","16,669.04","155.68M","0.28%"
"02/07/2023","16,900.43","16,587.06","16,960.30","16,587.06","184.01M","1.89%"
"02/06/2023","16,587.06","16,265.92","16,587.06","16,265.92","140.88M","1.97%"
"02/05/2023","16,265.92","16,255.73","16,266.98","15,748.55","169.11M","0.06%"
"02/02/2023","16,255.73","16,407.79","16,615.32","16,198.90","169.11M","-0.93%"
"02/01/2023","16,407.79","16,446.38","16,610.08","16,282.46","146.90M","-0.23%"
"01/31/2023","16,446.38","17,026.64","17,033.99","16,427.18","173.32M","-3.41%"
"01/30/2023","17,026.64","17,411.46","17,764.02","17,026.64","260.05M","-2.21%"
"01/29/2023","17,411.46","16,791.11","17,411.46","16,791.11","196.04M","3.69%"
"01/25/2023","16,791.11","16,440.53","16,840.13","16,440.53","193.67M","2.13%"
"01/24/2023","16,440.53","16,183.49","16,440.53","16,183.49","195.01M","1.59%"
"01/23/2023","16,183.49","16,118.85","16,241.01","16,118.85","262.16M","0.40%"
"01/22/2023","16,118.85","16,065.98","16,220.38","16,065.98","247.65M","0.33%"
"01/19/2023","16,065.98","15,987.15","16,118.92","15,987.15","252.82M","0.49%"
"01/18/2023","15,987.15","15,981.88","16,087.04","15,919.66","229.16M","0.03%"
"01/17/2023","15,981.88","15,837.91","16,063.02","15,837.91","267.10M","0.91%"
"01/16/2023","15,837.91","15,561.25","15,914.29","15,561.25","230.77M","1.78%"
"01/15/2023","15,561.25","15,551.47","15,663.72","15,498.90","152.68M","0.06%"
"01/12/2023","15,551.47","15,528.10","15,799.26","15,433.92","216.00M","0.15%"
"01/11/2023","15,528.10","15,462.57","16,139.08","15,301.89","373.79M","0.42%"
"01/10/2023","15,462.57","16,096.87","16,115.20","15,462.57","241.09M","-3.94%"
"01/09/2023","16,096.87","16,002.18","16,274.94","16,002.18","301.34M","0.59%"
"01/05/2023","16,002.18","15,557.46","16,028.76","15,557.46","295.03M","2.86%"
"01/04/2023","15,557.46","15,068.13","15,600.09","14,598.72","318.47M","3.25%"
"01/03/2023","15,068.13","14,960.66","15,175.32","14,960.66","248.92M","0.72%"
"01/02/2023","14,960.66","14,598.53","14,961.16","14,598.15","164.72M","2.48%"
"12/29/2022","14,598.53","14,578.21","14,690.86","14,559.13","160.35M","0.14%"
"12/28/2022","14,578.21","14,485.18","14,615.64","14,485.18","122.31M","0.64%"
"12/27/2022","14,485.18","14,560.41","14,633.14","14,485.18","149.99M","-0.52%"
"12/26/2022","14,560.41","14,385.30","14,586.73","14,385.30","139.24M","1.22%"
"12/25/2022","14,385.30","14,482.93","14,482.93","14,202.72","184.83M","-0.67%"
"12/22/2022","14,482.93","14,541.98","14,756.69","14,358.18","198.47M","-0.41%"
"12/21/2022","14,541.98","14,523.26","14,591.36","14,301.75","198.66M","0.13%"
"12/20/2022","14,523.26","14,738.60","14,847.62","14,523.26","240.45M","-1.46%"
"12/19/2022","14,738.60","14,843.05","14,917.85","14,576.96","239.95M","-0.70%"
"12/18/2022","14,843.05","15,141.55","15,180.40","14,843.05","194.67M","-1.97%"
"12/15/2022","15,141.55","15,378.28","15,595.66","15,141.55","296.16M","-1.54%"
"12/14/2022","15,378.28","15,150.31","15,378.28","15,111.87","337.81M","1.50%"
"12/13/2022","15,150.31","14,723.71","15,186.36","14,723.71","386.22M","2.90%"
"12/12/2022","14,723.71","14,587.70","14,752.20","14,274.95","238.96M","0.93%"
"12/11/2022","14,587.70","14,838.31","15,060.84","14,587.70","225.91M","-1.69%"
"12/08/2022","14,838.31","14,787.05","14,901.56","14,574.99","250.40M","0.35%"
"12/07/2022","14,787.05","14,498.29","14,914.09","14,498.29","359.68M","1.99%"
"12/06/2022","14,498.29","14,327.77","14,566.76","14,327.77","248.90M","1.19%"
"12/05/2022","14,327.77","14,078.53","14,375.40","14,078.53","232.09M","1.77%"
"12/04/2022","14,078.53","13,639.73","14,078.53","13,639.73","237.50M","3.22%"
"12/01/2022","13,639.73","13,259.26","13,639.73","13,258.92","197.44M","2.87%"
"11/30/2022","13,259.26","13,184.26","13,314.45","13,180.52","187.73M","0.57%"
"11/29/2022","13,184.26","12,917.22","13,184.26","12,917.22","144.11M","2.07%"
"11/28/2022","12,917.22","13,009.48","13,049.72","12,881.26","162.89M","-0.71%"
"11/27/2022","13,009.48","12,779.44","13,009.48","12,779.44","190.46M","1.80%"
"11/24/2022","12,779.44","12,600.09","12,779.44","12,600.09","126.09M","1.42%"
"11/23/2022","12,600.09","12,622.34","12,793.86","12,600.09","160.66M","-0.18%"
"11/22/2022","12,622.34","12,449.90","12,642.38","12,446.09","138.51M","1.39%"
"11/21/2022","12,449.90","12,523.84","12,531.03","12,413.30","114.29M","-0.59%"
"11/20/2022","12,523.84","12,515.71","12,650.85","12,515.71","84.99M","0.06%"
"11/17/2022","12,515.71","12,341.20","12,515.71","12,341.20","163.35M","1.41%"
"11/16/2022","12,341.20","12,137.00","12,341.20","12,100.48","185.38M","1.68%"
"11/15/2022","12,137.00","12,136.37","12,147.84","12,041.57","106.64M","0.01%"
"11/14/2022","12,136.37","11,980.62","12,140.83","11,973.06","200.64M","1.30%"
"11/13/2022","11,980.62","11,756.56","11,980.62","11,754.90","131.63M","1.91%"
"11/10/2022","11,756.56","11,781.58","11,816.82","11,575.97","102.40M","-0.21%"
"11/09/2022","11,781.58","11,268.04","11,781.58","11,232.48","97.41M","4.56%"
"11/08/2022","11,268.04","11,443.71","11,531.06","11,250.03","91.23M","-1.54%"
"11/07/2022","11,443.71","11,179.20","11,443.71","11,179.20","68.51M","2.37%"
"11/06/2022","11,179.20","11,262.40","11,284.94","11,178.67","50.92M","-0.74%"
"11/03/2022","11,262.40","11,242.07","11,262.40","11,173.20","60.75M","0.18%"
"11/02/2022","11,242.07","11,432.79","11,437.23","11,239.50","101.49M","-1.67%"
"11/01/2022","11,432.79","11,372.79","11,440.39","11,368.02","157.41M","0.53%"
"10/31/2022","11,372.79","11,100.67","11,372.79","11,076.58","127.98M","2.45%"
"10/30/2022","11,100.67","11,072.02","11,245.60","11,072.02","137.97M","0.26%"
"10/27/2022","11,072.02","10,553.20","11,072.02","10,553.20","235.18M","4.92%"
"10/26/2022","10,553.20","10,475.02","10,580.49","10,475.02","105.53M","0.75%"
"10/25/2022","10,475.02","10,320.88","10,475.02","10,294.24","73.43M","1.49%"
"10/24/2022","10,320.88","10,258.24","10,368.53","10,258.24","70.86M","0.61%"
"10/23/2022","10,258.24","10,273.53","10,323.37","10,257.53","61.30M","-0.15%"
"10/20/2022","10,273.53","10,156.34","10,277.11","10,156.34","63.19M","1.15%"
"10/19/2022","10,156.34","10,163.56","10,174.99","10,116.51","54.66M","-0.07%"
"10/18/2022","10,163.56","10,148.40","10,173.18","10,079.59","77.27M","0.15%"
"10/17/2022","10,148.40","10,048.88","10,153.65","10,039.81","103.05M","0.99%"
"10/16/2022","10,048.88","9,853.74","10,048.88","9,853.60","71.01M","1.98%"
"10/13/2022","9,853.74","9,800.64","9,853.74","9,769.00","81.59M","0.54%"
"10/12/2022","9,800.64","9,867.23","9,876.21","9,746.95","76.92M","-0.67%"
"10/11/2022","9,867.23","9,948.53","9,962.95","9,866.62","72.05M","-0.82%"
"10/10/2022","9,948.53","9,940.86","10,004.90","9,940.86","91.18M","0.08%"
"10/09/2022","9,940.86","10,010.78","10,010.78","9,934.61","73.76M","-0.70%"
"10/05/2022","10,010.78","9,923.81","10,010.78","9,923.81","89.97M","0.88%"
"10/04/2022","9,923.81","9,685.85","9,923.81","9,685.85","89.71M","2.46%"
"10/03/2022","9,685.85","9,687.36","9,717.60","9,653.33","68.59M","-0.02%"
"10/02/2022","9,687.36","9,827.46","9,829.64","9,687.36","66.58M","-1.43%"
"09/29/2022","9,827.46","9,702.19","9,827.46","9,702.19","99.94M","1.29%"
"09/28/2022","9,702.19","9,817.37","9,828.62","9,696.15","77.42M","-1.17%"
"09/27/2022","9,817.37","9,827.80","9,873.70","9,812.50","85.83M","-0.11%"
"09/26/2022","9,827.80","9,895.04","9,906.36","9,827.80","63.58M","-0.68%"
"09/25/2022","9,895.04","9,933.05","9,933.05","9,777.76","52.18M","-0.38%"
"09/22/2022","9,933.05","9,955.85","9,971.83","9,875.76","77.32M","-0.23%"
"09/21/2022","9,955.85","10,010.53","10,045.01","9,955.85","97.29M","-0.55%"
"09/20/2022","10,010.53","9,854.21","10,010.53","9,830.26","83.87M","1.59%"
"09/19/2022","9,854.21","9,763.19","9,865.90","9,627.85","66.17M","0.93%"
"09/18/2022","9,763.19","10,079.02","10,093.41","9,706.67","104.61M","-3.13%"
"09/15/2022","10,079.02","10,193.79","10,213.43","10,039.41","127.71M","-1.13%"
"09/14/2022","10,193.79","10,397.12","10,397.12","10,164.46","105.58M","-1.96%"
"09/13/2022","10,397.12","10,434.10","10,456.38","10,387.56","104.68M","-0.35%"
"09/12/2022","10,434.10","10,356.31","10,464.53","10,356.31","125.56M","0.75%"
"09/11/2022","10,356.31","10,265.35","10,363.27","10,265.35","80.02M","0.89%"
"09/08/2022","10,265.35","10,232.29","10,320.73","10,231.45","105.09M","0.32%"
"09/07/2022","10,232.29","10,329.66","10,362.45","10,226.81","181.42M","-0.94%"
"09/06/2022","10,329.66","10,177.64","10,329.66","10,177.64","200.96M","1.49%"
"09/05/2022","10,177.64","9,996.74","10,177.64","9,996.72","173.70M","1.81%"
"09/04/2022","9,996.74","9,936.87","10,010.25","9,905.05","69.76M","0.60%"
"09/01/2022","9,936.87","9,998.61","10,064.53","9,920.52","95.22M","-0.62%"
"08/31/2022","9,998.61","10,132.15","10,163.20","9,998.61","138.39M","-1.32%"
"08/30/2022","10,132.15","10,122.32","10,157.37","10,063.26","165.88M","0.10%"
"08/29/2022","10,122.32","10,178.15","10,234.99","10,122.32","192.98M","-0.55%"
"08/28/2022","10,178.15","10,287.27","10,301.19","10,178.15","133.45M","-1.06%"
"08/25/2022","10,287.27","10,105.24","10,291.79","10,105.24","180.53M","1.80%"
"08/24/2022","10,105.24","10,137.89","10,219.61","10,087.66","126.73M","-0.32%"
"08/23/2022","10,137.89","10,246.24","10,295.75","10,137.89","185.81M","-1.06%"
"08/22/2022","10,246.24","10,339.58","10,372.64","10,226.88","197.42M","-0.90%"
"08/21/2022","10,339.58","10,094.16","10,339.58","10,094.16","183.47M","2.43%"
"08/18/2022","10,094.16","10,058.12","10,153.07","10,058.12","142.23M","0.36%"
"08/17/2022","10,058.12","9,843.17","10,063.58","9,833.90","181.92M","2.18%"
"08/16/2022","9,843.17","9,914.71","9,926.58","9,820.30","110.75M","-0.72%"
"08/15/2022","9,914.71","9,984.44","10,010.23","9,871.52","115.33M","-0.70%"
"08/14/2022","9,984.44","9,988.84","10,065.41","9,984.44","116.59M","-0.04%"
"08/11/2022","9,988.84","9,965.46","10,000.30","9,955.78","84.74M","0.23%"
"08/10/2022","9,965.46","9,968.88","10,061.20","9,940.43","77.82M","-0.03%"
"08/09/2022","9,968.88","10,047.71","10,153.15","9,968.88","119.41M","-0.78%"
"08/08/2022","10,047.71","10,123.81","10,135.34","10,043.16","168.38M","-0.75%"
"08/07/2022","10,123.81","10,043.23","10,175.48","10,043.23","185.72M","0.80%"
"08/04/2022","10,043.23","9,539.43","10,043.55","9,539.43","252.13M","5.28%"
"08/03/2022","9,539.43","9,442.02","9,539.43","9,442.02","83.08M","1.03%"
"08/02/2022","9,442.02","9,423.10","9,457.85","9,392.23","103.19M","0.20%"
"08/01/2022","9,423.10","9,467.08","9,581.82","9,395.47","101.16M","-0.46%"
"07/31/2022","9,467.08","9,369.32","9,504.77","9,369.32","85.23M","1.04%"
"07/28/2022","9,369.32","9,287.92","9,369.32","9,282.70","77.91M","0.88%"
"07/27/2022","9,287.92","9,350.42","9,411.08","9,286.78","93.54M","-0.67%"
"07/26/2022","9,350.42","9,237.70","9,441.07","9,237.03","129.31M","1.22%"
"07/25/2022","9,237.70","9,276.28","9,308.54","9,237.70","89.60M","-0.42%"
"07/24/2022","9,276.28","9,289.81","9,298.72","9,256.23","91.30M","-0.15%"
"07/21/2022","9,289.81","9,112.72","9,289.81","9,112.72","176.40M","1.94%"
"07/20/2022","9,112.72","9,033.53","9,159.79","9,033.53","153.09M","0.88%"
"07/19/2022","9,033.53","8,867.94","9,055.50","8,864.78","153.98M","1.87%"
"07/18/2022","8,867.94","8,772.93","8,922.35","8,772.93","119.57M","1.08%"
"07/17/2022","8,772.93","8,764.25","8,824.35","8,739.75","50.11M","0.10%"
"07/07/2022","8,764.25","8,670.12","8,815.64","8,667.88","96.75M","1.09%"
"07/06/2022","8,670.12","8,657.50","8,708.97","8,599.05","83.29M","0.15%"
"07/05/2022","8,657.50","8,685.74","8,756.88","8,616.19","154.51M","-0.33%"
"07/04/2022","8,685.74","9,008.89","9,020.14","8,685.74","86.16M","-3.59%"
"07/03/2022","9,008.89","9,225.61","9,226.42","8,924.34","59.41M","-2.35%"
"06/29/2022","9,225.61","9,179.63","9,248.26","9,169.59","66.46M","0.50%"
"06/28/2022","9,179.63","9,255.43","9,255.45","9,008.20","89.70M","-0.82%"
"06/27/2022","9,255.43","9,443.75","9,446.37","9,227.13","96.61M","-1.99%"
"06/26/2022","9,443.75","9,439.85","9,512.56","9,435.89","65.54M","0.04%"
"06/23/2022","9,439.85","9,612.90","9,612.90","9,439.85","48.08M","-1.80%"
"06/22/2022","9,612.90","9,697.88","9,697.88","9,612.90","46.54M","-0.88%"
"06/21/2022","9,697.88","9,680.18","9,755.15","9,676.32","78.29M","0.18%"
"06/20/2022","9,680.18","9,728.19","9,746.62","9,671.26","61.92M","-0.49%"
"06/19/2022","9,728.19","9,866.75","9,866.75","9,720.87","35.30M","-1.40%"
"06/16/2022","9,866.75","9,969.97","9,975.09","9,866.75","111.32M","-1.04%"
"06/15/2022","9,969.97","9,981.22","10,008.18","9,925.69","110.51M","-0.11%"
"06/14/2022","9,981.22","10,014.85","10,014.85","9,930.96","87.61M","-0.34%"
"06/13/2022","10,014.85","10,097.55","10,097.55","9,964.50","72.68M","-0.82%"
"06/12/2022","10,097.55","10,235.43","10,235.66","10,089.31","51.74M","-1.35%"
"06/09/2022","10,235.43","10,236.06","10,266.68","10,158.07","61.08M","-0.01%"
"06/08/2022","10,236.06","10,048.36","10,249.86","10,048.36","102.86M","1.87%"
"06/07/2022","10,048.36","9,984.92","10,048.36","9,974.26","59.41M","0.64%"
"06/06/2022","9,984.92","9,986.00","9,994.77","9,957.20","47.26M","-0.01%"
"06/05/2022","9,986.00","10,007.51","10,030.32","9,971.71","39.64M","-0.21%"
"06/02/2022","10,007.51","10,083.98","10,097.21","9,990.46","55.65M","-0.76%"
"06/01/2022","10,083.98","10,150.05","10,204.49","10,041.18","80.03M","-0.65%"
"05/31/2022","10,150.05","10,109.36","10,260.08","10,109.36","166.64M","0.40%"
"05/30/2022","10,109.36","10,086.72","10,170.71","10,057.64","62.39M","0.22%"
"05/29/2022","10,086.72","10,200.56","10,202.59","10,077.72","36.35M","-1.12%"
"05/26/2022","10,200.56","10,247.43","10,263.22","10,155.46","82.06M","-0.46%"
"05/25/2022","10,247.43","10,415.54","10,448.31","10,247.43","80.20M","-1.61%"
"05/24/2022","10,415.54","10,514.95","10,546.68","10,374.76","57.39M","-0.95%"
"05/23/2022","10,514.95","10,462.74","10,560.22","10,462.74","52.93M","0.50%"
"05/22/2022","10,462.74","10,549.97","10,571.66","10,462.74","20.22M","-0.83%"
"05/19/2022","10,549.97","10,467.63","10,549.97","10,345.59","49.74M","0.79%"
"05/18/2022","10,467.63","10,438.95","10,488.43","10,433.96","51.91M","0.27%"
"05/17/2022","10,438.95","10,461.88","10,571.77","10,438.95","45.32M","-0.22%"
"05/16/2022","10,461.88","10,534.22","10,538.09","10,391.52","67.16M","-0.69%"
"05/15/2022","10,534.22","10,678.98","10,743.98","10,534.22","58.04M","-1.36%"
"05/12/2022","10,678.98","10,855.93","10,855.93","10,602.15","84.36M","-1.63%"
"05/11/2022","10,855.93","10,811.45","10,925.99","10,810.15","85.19M","0.41%"
"05/10/2022","10,811.45","10,906.72","10,906.84","10,778.00","59.76M","-0.87%"
"05/09/2022","10,906.72","11,109.22","11,177.34","10,906.72","89.97M","-1.82%"
"05/08/2022","11,109.22","11,047.70","11,114.74","10,949.65","79.70M","0.56%"
"04/28/2022","11,047.70","10,718.22","11,055.90","10,717.49","102.42M","3.07%"
"04/27/2022","10,718.22","10,682.08","10,772.46","10,681.02","57.86M","0.34%"
"04/26/2022","10,682.08","10,548.14","10,682.08","10,529.49","53.57M","1.27%"
"04/21/2022","10,548.14","10,444.76","10,579.02","10,443.92","142.69M","0.99%"
"04/20/2022","10,444.76","10,626.81","10,626.81","10,441.38","41.27M","-1.71%"
"04/19/2022","10,626.81","10,724.80","10,728.22","10,566.90","53.68M","-0.91%"
"04/18/2022","10,724.80","10,707.93","10,724.80","10,580.10","47.35M","0.16%"
"04/17/2022","10,707.93","10,847.46","10,848.01","10,614.24","61.80M","0.27%"
"04/14/2022","10,679.55","10,847.46","10,847.46","10,614.24","84.97M","-1.55%"
"04/13/2022","10,847.46","10,898.69","10,936.22","10,847.46","48.08M","-0.47%"
"04/12/2022","10,898.69","10,728.66","10,942.30","10,728.66","51.37M","1.58%"
"04/11/2022","10,728.66","10,897.61","10,899.36","10,715.28","60.24M","-1.55%"
"04/10/2022","10,897.61","11,101.94","11,101.94","10,872.94","53.53M","-1.84%"
"04/07/2022","11,101.94","11,347.96","11,359.56","11,091.16","98.38M","-2.17%"
"04/06/2022","11,347.96","11,380.85","11,417.95","11,319.85","91.24M","-0.29%"
"04/05/2022","11,380.85","11,529.18","11,545.14","11,375.44","66.76M","-1.29%"
"04/04/2022","11,529.18","11,562.21","11,563.18","11,512.00","78.01M","-0.29%"
"04/03/2022","11,562.21","11,238.48","11,562.21","11,238.48","47.52M","2.88%"
"03/31/2022","11,238.48","11,239.21","11,239.21","11,123.13","78.59M","-0.01%"
"03/30/2022","11,239.21","11,393.54","11,456.49","11,239.21","82.84M","-1.35%"
"03/29/2022","11,393.54","11,240.79","11,393.54","11,151.12","90.66M","1.36%"
"03/28/2022","11,240.79","11,545.61","11,592.54","11,240.79","89.28M","-2.64%"
"03/27/2022","11,545.61","11,709.16","11,709.16","11,465.63","102.39M","-1.40%"
"03/24/2022","11,709.16","11,743.91","11,810.09","11,704.03","123.84M","-0.30%"
"03/23/2022","11,743.91","11,663.32","11,743.91","11,586.43","89.72M","0.69%"
"03/22/2022","11,663.32","11,511.15","11,977.24","11,511.15","169.00M","1.32%"
"03/21/2022","11,511.15","10,973.72","11,511.15","10,973.72","180.90M","4.90%"
"03/20/2022","10,973.72","10,726.44","10,973.72","10,726.44","48.69M","2.31%"
"03/17/2022","10,726.44","10,705.60","10,804.85","10,675.27","110.03M","0.19%"
"03/16/2022","10,705.60","10,423.09","10,719.92","10,423.09","166.49M","2.71%"
"03/15/2022","10,423.09","10,419.56","10,423.09","10,284.77","60.57M","0.03%"
"03/14/2022","10,419.56","10,480.67","10,480.67","10,361.17","51.07M","-0.58%"
"03/13/2022","10,480.67","10,453.59","10,550.69","10,453.59","54.05M","0.26%"
"03/10/2022","10,453.59","10,415.73","10,453.59","10,332.19","72.17M","0.36%"
"03/09/2022","10,415.73","10,396.83","10,485.58","10,395.13","68.11M","0.18%"
"03/08/2022","10,396.83","10,701.14","10,701.14","10,357.66","87.09M","-2.84%"
"03/07/2022","10,701.14","11,094.66","11,095.71","10,691.68","97.06M","-3.55%"
"03/06/2022","11,094.66","11,305.55","11,305.55","11,087.93","55.93M","-1.87%"
"03/03/2022","11,305.55","11,189.29","11,305.55","11,189.29","79.41M","1.04%"
"03/02/2022","11,189.29","11,275.78","11,291.44","11,189.29","75.37M","-0.77%"
"03/01/2022","11,275.78","11,138.86","11,297.56","11,138.86","69.18M","1.23%"
"02/28/2022","11,138.86","11,174.09","11,176.22","11,094.00","73.96M","-0.32%"
"02/27/2022","11,174.09","10,890.88","11,174.09","10,890.88","55.82M","2.60%"
"02/24/2022","10,890.88","11,301.08","11,301.08","10,841.98","106.39M","-3.63%"
"02/23/2022","11,301.08","11,302.49","11,349.82","11,294.91","47.71M","-0.01%"
"02/22/2022","11,302.49","11,501.92","11,503.83","11,256.95","103.05M","-1.73%"
"02/21/2022","11,501.92","11,371.21","11,506.82","11,370.47","70.79M","1.15%"
"02/20/2022","11,371.21","11,535.02","11,535.37","11,370.98","68.05M","-1.42%"
"02/17/2022","11,535.02","11,568.14","11,568.14","11,497.51","47.93M","-0.29%"
"02/16/2022","11,568.14","11,563.38","11,627.44","11,523.64","76.43M","0.04%"
"02/15/2022","11,563.38","11,403.34","11,563.38","11,402.38","105.83M","1.40%"
"02/14/2022","11,403.34","11,438.12","11,438.12","11,320.24","64.32M","-0.30%"
"02/13/2022","11,438.12","11,578.54","11,589.04","11,418.62","109.01M","-1.21%"
"02/10/2022","11,578.54","11,596.29","11,615.84","11,548.99","88.63M","-0.15%"
"02/09/2022","11,596.29","11,527.90","11,703.76","11,527.90","107.68M","0.59%"
"02/08/2022","11,527.90","11,548.61","11,575.82","11,523.67","68.23M","-0.18%"
"02/07/2022","11,548.61","11,689.55","11,708.02","11,524.04","96.26M","-1.21%"
"02/06/2022","11,689.55","11,638.06","11,689.60","11,637.92","106.85M","0.44%"
"02/03/2022","11,638.06","11,691.82","11,720.71","11,618.62","75.51M","-0.46%"
"02/02/2022","11,691.82","11,603.33","11,691.82","11,603.33","102.08M","0.76%"
"02/01/2022","11,603.33","11,490.45","11,603.33","11,490.45","77.75M","0.98%"
"01/31/2022","11,490.45","11,457.46","11,513.70","11,420.47","59.63M","0.29%"
"01/30/2022","11,457.46","11,499.85","11,516.01","11,457.46","33.17M","-0.37%"
"01/26/2022","11,499.85","11,542.43","11,562.02","11,496.68","51.11M","-0.37%"
"01/25/2022","11,542.43","11,616.13","11,624.50","11,516.91","52.85M","-0.63%"
"01/24/2022","11,616.13","11,655.72","11,671.21","11,608.89","66.41M","-0.34%"
"01/23/2022","11,655.72","11,731.71","11,731.71","11,584.50","54.08M","-0.65%"
"01/20/2022","11,731.71","11,715.01","11,731.71","11,665.91","66.37M","0.14%"
"01/19/2022","11,715.01","11,876.44","11,882.29","11,693.60","67.15M","-1.36%"
"01/18/2022","11,876.44","11,859.12","11,876.44","11,805.42","59.93M","0.15%"
"01/17/2022","11,859.12","11,830.94","11,871.77","11,807.43","73.89M","0.24%"
"01/16/2022","11,830.94","12,012.31","12,012.71","11,819.82","69.06M","-1.51%"
"01/13/2022","12,012.31","12,060.00","12,063.94","11,978.76","76.23M","-0.40%"
"01/12/2022","12,060.00","12,002.08","12,065.14","12,002.08","94.05M","0.48%"
"01/11/2022","12,002.08","12,022.69","12,047.33","11,979.20","104.27M","-0.17%"
"01/10/2022","12,022.69","11,978.56","12,040.63","11,978.56","85.33M","0.37%"
"01/09/2022","11,978.56","12,043.42","12,044.78","11,958.61","59.66M","-0.54%"
"01/05/2022","12,043.42","11,982.61","12,069.23","11,980.87","144.60M","0.51%"
"01/04/2022","11,982.61","11,897.40","11,984.21","11,897.15","114.48M","0.72%"
"01/03/2022","11,897.40","11,909.72","11,916.04","11,870.47","79.32M","-0.10%"
"01/02/2022","11,909.72","11,949.18","12,017.57","11,908.09","69.38M","-0.33%"
"12/30/2021","11,949.18","11,898.42","11,949.18","11,857.97","122.51M","0.43%"
"12/29/2021","11,898.42","11,913.44","11,950.34","11,895.53","120.72M","-0.13%"
"12/28/2021","11,913.44","11,849.79","11,913.44","11,840.10","135.93M","0.54%"
"12/27/2021","11,849.79","11,856.21","11,922.68","11,834.03","115.52M","-0.05%"
"12/26/2021","11,856.21","11,755.46","11,906.26","11,755.46","128.25M","0.86%"
"12/23/2021","11,755.46","11,630.63","11,776.26","11,630.63","132.16M","1.07%"
"12/22/2021","11,630.63","11,524.66","11,636.71","11,524.65","121.06M","0.92%"
"12/21/2021","11,524.66","11,482.43","11,609.02","11,482.43","117.29M","0.37%"
"12/20/2021","11,482.43","11,565.72","11,570.86","11,440.20","122.50M","-0.72%"
"12/19/2021","11,565.72","11,667.73","11,684.74","11,549.28","109.69M","-0.87%"
"12/16/2021","11,667.73","11,622.10","11,739.66","11,622.10","166.66M","0.39%"
"12/15/2021","11,622.10","11,618.01","11,665.49","11,590.25","155.25M","0.04%"
"12/14/2021","11,618.01","11,700.40","11,729.04","11,613.30","165.23M","-0.70%"
"12/13/2021","11,700.40","11,708.05","11,765.63","11,700.40","122.06M","-0.07%"
"12/12/2021","11,708.05","11,534.63","11,708.05","11,519.61","164.77M","1.50%"
"12/09/2021","11,534.63","11,451.14","11,545.47","11,451.14","410.74M","0.73%"
"12/08/2021","11,451.14","11,538.26","11,553.00","11,391.39","150.62M","-0.76%"
"12/07/2021","11,538.26","11,514.87","11,631.01","11,466.40","270.45M","0.20%"
"12/06/2021","11,514.87","11,401.33","11,514.87","11,385.81","185.77M","1.00%"
"12/05/2021","11,401.33","11,318.35","11,401.33","11,316.20","101.88M","0.73%"
"12/02/2021","11,318.35","11,420.00","11,440.41","11,293.62","73.88M","-0.89%"
"12/01/2021","11,420.00","11,395.60","11,442.34","11,330.15","79.46M","0.21%"
"11/30/2021","11,395.60","11,212.30","11,395.60","11,179.29","120.06M","1.63%"
"11/29/2021","11,212.30","11,277.83","11,277.83","11,202.09","62.70M","-0.58%"
"11/28/2021","11,277.83","11,431.24","11,431.24","11,218.33","38.06M","-1.34%"
"11/25/2021","11,431.24","11,352.64","11,451.65","11,338.48","83.15M","0.69%"
"11/24/2021","11,352.64","11,369.22","11,372.54","11,291.38","36.79M","-0.15%"
"11/23/2021","11,369.22","11,359.03","11,432.25","11,352.04","47.91M","0.09%"
"11/22/2021","11,359.03","11,273.11","11,369.35","11,255.51","55.98M","0.76%"
"11/21/2021","11,273.11","11,337.99","11,419.84","11,273.11","40.65M","-0.57%"
"11/18/2021","11,337.99","11,453.30","11,480.78","11,310.28","65.01M","-1.01%"
"11/17/2021","11,453.30","11,413.21","11,511.20","11,391.18","64.04M","0.35%"
"11/16/2021","11,413.21","11,496.63","11,501.49","11,404.38","58.24M","-0.73%"
"11/15/2021","11,496.63","11,662.99","11,664.26","11,475.48","66.27M","-1.43%"
"11/14/2021","11,662.99","11,573.14","11,662.99","11,529.60","66.27M","0.78%"
"11/11/2021","11,573.14","11,480.50","11,602.80","11,480.50","124.85M","0.81%"
"11/10/2021","11,480.50","11,588.42","11,601.14","11,372.69","67.77M","-0.93%"
"11/09/2021","11,588.42","11,497.51","11,588.42","11,483.30","63.55M","0.79%"
"11/08/2021","11,497.51","11,555.58","11,563.20","11,468.18","66.64M","-0.50%"
"11/07/2021","11,555.58","11,612.84","11,617.12","11,514.07","43.53M","-0.49%"
"11/04/2021","11,612.84","11,685.12","11,685.17","11,474.84","51.08M","-0.62%"
"11/03/2021","11,685.12","11,676.38","11,729.57","11,609.43","81.63M","0.07%"
"11/02/2021","11,676.38","11,568.27","11,676.38","11,545.11","132.82M","0.93%"
"11/01/2021","11,568.27","11,420.19","11,570.33","11,419.64","97.03M","1.30%"
"10/31/2021","11,420.19","11,506.63","11,506.63","11,362.54","69.77M","-0.75%"
"10/28/2021","11,506.63","11,364.20","11,506.63","11,361.26","109.44M","1.25%"
"10/27/2021","11,364.20","11,256.54","11,383.34","11,254.28","75.58M","0.96%"
"10/26/2021","11,256.54","11,178.00","11,468.24","11,178.00","126.42M","0.70%"
"10/25/2021","11,178.00","11,185.88","11,229.45","11,096.53","104.94M","-0.07%"
"10/24/2021","11,185.88","11,132.07","11,238.34","11,132.07","56.68M","0.48%"
"10/20/2021","11,132.07","11,195.05","11,227.73","11,061.42","84.68M","-0.56%"
"10/19/2021","11,195.05","11,276.17","11,358.43","11,189.40","88.46M","-0.72%"
"10/18/2021","11,276.17","11,155.57","11,303.24","11,134.81","134.40M","1.08%"
"10/17/2021","11,155.57","10,995.59","11,155.57","10,995.59","83.11M","1.45%"
"10/14/2021","10,995.59","10,881.40","11,018.18","10,881.06","92.83M","1.05%"
"10/13/2021","10,881.40","10,783.92","10,881.40","10,783.92","85.48M","0.90%"
"10/12/2021","10,783.92","10,714.78","10,798.39","10,697.59","73.38M","0.65%"
"10/11/2021","10,714.78","10,662.96","10,739.78","10,662.87","128.47M","0.49%"
"10/10/2021","10,662.96","10,536.39","10,671.50","10,536.39","49.02M","1.20%"
"10/06/2021","10,536.39","10,432.63","10,536.39","10,432.63","73.24M","0.99%"
"10/05/2021","10,432.63","10,427.44","10,471.44","10,412.07","42.00M","0.05%"
"10/04/2021","10,427.44","10,366.44","10,437.66","10,366.14","51.44M","0.59%"
"10/03/2021","10,366.44","10,517.03","10,575.73","10,366.44","36.08M","-1.43%"
"09/30/2021","10,517.03","10,391.14","10,517.03","10,281.20","54.96M","1.21%"
"09/29/2021","10,391.14","10,446.78","10,463.52","10,345.40","54.05M","-0.53%"
"09/28/2021","10,446.78","10,496.00","10,499.86","10,424.30","67.96M","-0.47%"
"09/27/2021","10,496.00","10,649.76","10,652.15","10,496.00","60.30M","-1.44%"
"09/26/2021","10,649.76","10,642.02","10,704.25","10,621.58","37.24M","0.07%"
"09/23/2021","10,642.02","10,596.06","10,683.18","10,596.06","47.68M","0.43%"
"09/22/2021","10,596.06","10,498.52","10,609.29","10,498.52","57.45M","0.93%"
"09/21/2021","10,498.52","10,710.56","10,711.09","10,453.19","93.13M","-1.98%"
"09/20/2021","10,710.56","10,889.65","10,889.65","10,693.65","72.57M","-1.64%"
"09/19/2021","10,889.65","10,996.76","11,098.53","10,878.90","60.72M","-0.97%"
"09/16/2021","10,996.76","11,149.36","11,182.23","10,996.76","140.81M","-1.37%"
"09/15/2021","11,149.36","11,187.82","11,239.72","11,117.08","80.21M","-0.34%"
"09/14/2021","11,187.82","11,140.22","11,206.47","11,139.99","93.99M","0.43%"
"09/13/2021","11,140.22","11,036.93","11,140.22","11,036.93","51.21M","0.94%"
"09/12/2021","11,036.93","11,056.27","11,083.93","11,022.74","41.34M","-0.17%"
"09/09/2021","11,056.27","11,135.48","11,137.06","11,041.82","50.08M","-0.71%"
"09/08/2021","11,135.48","11,089.80","11,149.75","11,085.25","55.86M","0.41%"
"09/07/2021","11,089.80","11,064.17","11,122.51","11,002.99","88.35M","0.23%"
"09/06/2021","11,064.17","11,095.89","11,114.20","10,954.98","101.70M","-0.29%"
"09/05/2021","11,095.89","11,301.36","11,301.36","11,090.75","77.21M","-1.82%"
"09/02/2021","11,301.36","11,283.70","11,321.95","11,283.70","100.73M","0.16%"
"09/01/2021","11,283.70","11,143.80","11,283.70","11,143.58","99.60M","1.26%"
"08/31/2021","11,143.80","11,163.23","11,191.62","11,129.94","122.67M","-0.17%"
"08/30/2021","11,163.23","11,113.74","11,198.14","11,113.74","146.57M","0.45%"
"08/29/2021","11,113.74","11,125.55","11,126.08","11,043.74","130.83M","-0.11%"
"08/26/2021","11,125.55","11,064.43","11,160.43","11,064.43","179.15M","0.55%"
"08/25/2021","11,064.43","10,950.24","11,072.90","10,950.24","133.04M","1.04%"
"08/24/2021","10,950.24","10,884.29","10,953.63","10,884.29","131.34M","0.61%"
"08/23/2021","10,884.29","10,690.79","10,884.47","10,683.25","96.64M","1.81%"
"08/22/2021","10,690.79","10,808.70","10,815.51","10,686.40","46.91M","-1.09%"
"08/19/2021","10,808.70","10,907.96","10,907.96","10,808.70","67.57M","-0.91%"
"08/18/2021","10,907.96","10,937.69","10,956.19","10,906.00","83.05M","-0.27%"
"08/17/2021","10,937.69","11,046.15","11,061.94","10,935.98","91.80M","-0.98%"
"08/16/2021","11,046.15","11,029.56","11,145.58","11,029.56","98.44M","0.15%"
"08/15/2021","11,029.56","10,884.50","11,061.35","10,884.50","83.65M","1.33%"
"08/11/2021","10,884.50","10,853.83","10,887.67","10,852.50","74.49M","0.28%"
"08/10/2021","10,853.83","10,800.39","10,870.81","10,798.82","89.77M","0.49%"
"08/09/2021","10,800.39","10,738.67","10,808.25","10,738.67","101.67M","0.57%"
"08/08/2021","10,738.67","10,723.18","10,750.16","10,722.61","75.89M","0.14%"
"08/05/2021","10,723.18","10,718.89","10,756.32","10,718.89","59.91M","0.04%"
"08/04/2021","10,718.89","10,726.33","10,734.68","10,688.35","74.24M","-0.07%"
"08/03/2021","10,726.33","10,821.88","10,821.95","10,726.33","111.29M","-0.88%"
"08/02/2021","10,821.88","10,810.21","10,874.58","10,808.70","103.74M","0.11%"
"08/01/2021","10,810.21","10,742.23","10,812.89","10,739.59","86.70M","0.63%"
"07/29/2021","10,742.23","10,769.22","10,837.21","10,742.23","138.63M","-0.25%"
"07/28/2021","10,769.22","10,763.26","10,795.08","10,723.59","140.65M","0.06%"
"07/27/2021","10,763.26","10,697.32","10,763.75","10,697.32","143.95M","0.62%"
"07/26/2021","10,697.32","10,745.69","10,757.41","10,685.41","79.12M","-0.45%"
"07/25/2021","10,745.69","10,646.85","10,757.09","10,646.85","210.74M","0.93%"
"07/18/2021","10,646.85","10,561.28","10,648.73","10,561.28","94.06M","0.81%"
"07/15/2021","10,561.28","10,602.41","10,609.82","10,549.57","112.71M","-0.39%"
"07/14/2021","10,602.41","10,431.99","10,625.30","10,431.99","169.34M","1.63%"
"07/13/2021","10,431.99","10,233.70","10,431.99","10,233.70","78.53M","1.94%"
"07/12/2021","10,233.70","10,153.47","10,233.88","10,153.43","76.97M","0.79%"
"07/11/2021","10,153.47","10,184.80","10,190.06","10,152.60","45.51M","-0.31%"
"07/08/2021","10,184.80","10,277.25","10,279.29","10,184.80","103.52M","-0.90%"
"07/07/2021","10,277.25","10,154.79","10,280.00","10,154.79","99.08M","1.21%"
"07/06/2021","10,154.79","10,348.29","10,348.29","10,147.51","84.40M","-1.87%"
"07/05/2021","10,348.29","10,345.66","10,386.95","10,345.66","440.26M","0.03%"
"07/04/2021","10,345.66","10,256.62","10,346.14","10,256.62","108.11M","0.87%"
"06/30/2021","10,256.62","10,123.06","10,262.18","10,122.86","105.91M","1.32%"
"06/29/2021","10,123.06","10,273.92","10,273.92","10,094.17","137.40M","-1.47%"
"06/28/2021","10,273.92","10,305.02","10,326.03","10,261.18","228.92M","-0.30%"
"06/27/2021","10,305.02","10,278.86","10,305.14","10,278.86","71.63M","0.25%"
"06/24/2021","10,278.86","10,272.72","10,285.49","10,244.79","93.02M","0.06%"
"06/23/2021","10,272.72","10,206.24","10,311.94","10,206.24","214.11M","0.65%"
"06/22/2021","10,206.24","10,061.58","10,206.24","10,059.35","243.56M","1.44%"
"06/21/2021","10,061.58","9,797.91","10,061.66","9,797.91","184.25M","2.69%"
"06/20/2021","9,797.91","9,865.59","9,865.66","9,769.18","102.86M","-0.69%"
"06/17/2021","9,865.59","9,880.49","9,906.43","9,863.85","102.97M","-0.15%"
"06/16/2021","9,880.49","9,891.18","9,898.07","9,845.30","121.22M","-0.11%"
"06/15/2021","9,891.18","9,933.35","9,960.83","9,891.18","88.81M","-0.42%"
"06/14/2021","9,933.35","9,887.19","9,944.81","9,837.61","62.93M","0.47%"
"06/13/2021","9,887.19","9,977.90","10,015.57","9,887.19","117.11M","-0.91%"
"06/10/2021","9,977.90","10,042.18","10,054.41","9,977.90","130.87M","-0.64%"
"06/09/2021","10,042.18","9,963.91","10,046.22","9,959.91","170.46M","0.79%"
"06/08/2021","9,963.91","10,105.04","10,128.81","9,959.32","141.39M","-1.40%"
"06/07/2021","10,105.04","10,122.44","10,131.54","10,091.15","158.21M","-0.17%"
"06/06/2021","10,122.44","10,054.81","10,143.59","10,038.57","112.78M","0.67%"
"06/03/2021","10,054.81","10,120.95","10,122.52","10,029.14","183.64M","-0.65%"
"06/02/2021","10,120.95","10,240.21","10,245.40","10,120.95","182.03M","-1.16%"
"06/01/2021","10,240.21","10,309.06","10,323.55","10,231.43","264.45M","-0.67%"
"05/31/2021","10,309.06","10,301.58","10,380.47","10,301.58","452.33M","0.07%"
"05/30/2021","10,301.58","10,242.30","10,305.54","10,242.30","287.27M","0.58%"
"05/27/2021","10,242.30","10,369.57","10,371.41","10,242.30","639.53M","-1.23%"
"05/26/2021","10,369.57","10,531.83","10,532.41","10,369.57","210.36M","-1.54%"
"05/25/2021","10,531.83","10,760.95","10,760.95","10,531.61","119.71M","-2.13%"
"05/24/2021","10,760.95","10,812.06","10,835.24","10,760.80","127.90M","-0.47%"
"05/23/2021","10,812.06","10,731.96","10,812.27","10,731.96","91.28M","0.75%"
"05/20/2021","10,731.96","10,806.23","10,816.57","10,731.69","128.65M","-0.69%"
"05/19/2021","10,806.23","10,780.90","10,862.98","10,780.90","145.93M","0.23%"
"05/18/2021","10,780.90","10,674.67","10,780.90","10,669.21","168.60M","1.00%"
"05/17/2021","10,674.67","10,767.84","10,790.79","10,673.67","133.96M","-0.87%"
"05/11/2021","10,767.84","10,686.03","10,771.56","10,686.03","90.73M","0.77%"
"05/10/2021","10,686.03","10,643.63","10,687.71","10,632.01","69.70M","0.40%"
"05/09/2021","10,643.63","10,588.09","10,658.87","10,588.09","64.65M","0.52%"
"05/06/2021","10,588.09","10,512.84","10,588.86","10,512.84","108.21M","0.72%"
"05/05/2021","10,512.84","10,465.59","10,515.71","10,418.41","112.07M","0.45%"
"05/04/2021","10,465.59","10,475.26","10,475.26","10,431.03","61.34M","-0.09%"
"04/28/2021","10,475.26","10,591.42","10,594.36","10,475.26","70.09M","-1.10%"
"04/27/2021","10,591.42","10,525.84","10,598.85","10,525.84","118.64M","0.62%"
"04/26/2021","10,525.84","10,604.28","10,604.28","10,507.48","99.18M","-0.74%"
"04/25/2021","10,604.28","10,600.07","10,621.55","10,600.07","105.55M","0.04%"
"04/22/2021","10,600.07","10,642.49","10,642.59","10,560.19","154.73M","-0.40%"
"04/21/2021","10,642.49","10,620.05","10,711.41","10,616.77","108.39M","0.21%"
"04/20/2021","10,620.05","10,441.00","10,620.05","10,441.00","149.63M","1.71%"
"04/19/2021","10,441.00","10,358.26","10,441.00","10,351.12","75.24M","0.80%"
"04/18/2021","10,358.26","10,143.21","10,360.94","10,143.21","49.64M","2.12%"
"04/15/2021","10,143.21","10,115.51","10,212.70","10,115.51","377.02M","0.27%"
"04/14/2021","10,115.51","10,305.81","10,322.39","10,114.70","183.05M","-1.85%"
"04/13/2021","10,305.81","10,450.09","10,460.55","10,305.81","154.15M","-1.38%"
"04/12/2021","10,450.09","10,393.13","10,503.14","10,393.10","192.89M","0.55%"
"04/11/2021","10,393.13","10,303.55","10,393.13","10,291.39","164.29M","0.87%"
"04/08/2021","10,303.55","10,227.67","10,311.97","10,227.48","103.09M","0.74%"
"04/07/2021","10,227.67","10,263.22","10,263.22","10,209.36","102.59M","-0.35%"
"04/06/2021","10,263.22","10,256.92","10,291.61","10,222.00","115.37M","0.06%"
"04/05/2021","10,256.92","10,417.15","10,417.15","10,149.24","160.78M","-1.54%"
"04/04/2021","10,417.15","10,564.88","10,586.63","10,417.15","100.27M","-1.40%"
"04/01/2021","10,564.88","10,568.37","10,601.65","10,543.79","122.79M","-0.03%"
"03/31/2021","10,568.37","10,739.69","10,740.48","10,565.63","258.27M","-1.60%"
"03/30/2021","10,739.69","10,738.42","10,785.61","10,717.57","218.47M","0.01%"
"03/29/2021","10,738.42","10,867.69","10,875.98","10,733.20","128.91M","-1.19%"
"03/28/2021","10,867.69","10,870.46","10,935.53","10,867.69","97.52M","-0.03%"
"03/25/2021","10,870.46","10,702.18","10,870.46","10,691.92","100.74M","1.57%"
"03/24/2021","10,702.18","10,471.36","10,723.61","10,471.36","129.22M","2.20%"
"03/23/2021","10,471.36","10,537.22","10,538.20","10,316.96","211.28M","-0.63%"
"03/22/2021","10,537.22","10,802.29","10,802.29","10,537.22","148.18M","-2.45%"
"03/21/2021","10,802.29","10,918.40","10,974.87","10,802.29","144.53M","-1.06%"
"03/18/2021","10,918.40","11,068.37","11,068.37","10,903.98","168.13M","-1.35%"
"03/17/2021","11,068.37","11,190.80","11,195.58","11,068.37","124.81M","-1.09%"
"03/16/2021","11,190.80","11,222.33","11,223.42","11,146.33","145.12M","-0.28%"
"03/15/2021","11,222.33","11,289.57","11,333.00","11,222.33","196.17M","-0.60%"
"03/14/2021","11,289.57","11,261.35","11,344.60","11,261.35","212.05M","0.25%"
"03/11/2021","11,261.35","11,235.60","11,272.99","11,202.09","339.51M","0.23%"
"03/10/2021","11,235.60","11,337.46","11,337.46","11,187.63","298.99M","-0.90%"
"03/09/2021","11,337.46","11,459.51","11,495.41","11,337.38","133.13M","-1.07%"
"03/08/2021","11,459.51","11,557.85","11,609.76","11,459.51","203.84M","-0.85%"
"03/07/2021","11,557.85","11,333.86","11,564.62","11,333.86","203.84M","1.98%"
"03/04/2021","11,333.86","11,393.25","11,410.00","11,298.08","148.09M","-0.52%"
"03/03/2021","11,393.25","11,471.39","11,489.25","11,386.66","260.10M","-0.68%"
"03/02/2021","11,471.39","11,521.38","11,533.49","11,471.39","216.13M","-0.43%"
"03/01/2021","11,521.38","11,525.02","11,588.67","11,519.20","177.11M","-0.03%"
"02/28/2021","11,525.02","11,617.91","11,630.75","11,525.02","453.90M","-0.80%"
"02/25/2021","11,617.91","11,435.43","11,621.57","11,435.43","269.03M","1.60%"
"02/24/2021","11,435.43","11,416.74","11,435.43","11,288.27","176.30M","0.16%"
"02/23/2021","11,416.74","11,549.97","11,556.26","11,416.74","285.91M","-1.15%"
"02/22/2021","11,549.97","11,425.85","11,551.86","11,425.85","273.52M","1.09%"
"02/21/2021","11,425.85","11,380.55","11,446.05","11,380.55","272.09M","0.40%"
"02/18/2021","11,380.55","11,413.17","11,429.77","11,377.99","383.60M","-0.29%"
"02/17/2021","11,413.17","11,534.05","11,537.23","11,413.17","757.84M","-1.05%"
"02/16/2021","11,534.05","11,526.77","11,565.80","11,514.69","77.40M","0.06%"
"02/15/2021","11,526.77","11,506.72","11,546.96","11,506.72","92.77M","0.17%"
"02/14/2021","11,506.72","11,546.32","11,592.41","11,506.72","66.80M","-0.34%"
"02/11/2021","11,546.32","11,545.03","11,584.40","11,545.03","76.32M","0.01%"
"02/10/2021","11,545.03","11,447.73","11,546.12","11,447.73","258.17M","0.85%"
"02/09/2021","11,447.73","11,523.06","11,523.06","11,429.28","195.46M","-0.65%"
"02/08/2021","11,523.06","11,602.78","11,664.98","11,523.06","431.01M","-0.69%"
"02/07/2021","11,602.78","11,598.85","11,629.04","11,598.85","270.11M","0.03%"
"02/04/2021","11,598.85","11,619.14","11,632.06","11,596.97","139.55M","-0.17%"
"02/03/2021","11,619.14","11,637.55","11,673.45","11,618.94","163.60M","-0.16%"
"02/02/2021","11,637.55","11,589.34","11,645.72","11,589.34","184.86M","0.42%"
"02/01/2021","11,589.34","11,546.15","11,623.77","11,546.15","176.87M","0.37%"
"01/31/2021","11,546.15","11,578.84","11,583.76","11,546.11","145.84M","-0.28%"
"01/27/2021","11,578.84","11,527.34","11,591.25","11,527.34","169.06M","0.45%"
"01/26/2021","11,527.34","11,509.63","11,528.38","11,478.59","234.20M","0.15%"
"01/25/2021","11,509.63","11,525.25","11,542.28","11,507.04","255.47M","-0.14%"
"01/24/2021","11,525.25","11,654.58","11,672.09","11,525.25","171.17M","-1.11%"
"01/21/2021","11,654.58","11,598.90","11,675.69","11,598.90","241.28M","0.48%"
"01/20/2021","11,598.90","11,485.80","11,604.47","11,485.80","315.24M","0.98%"
"01/19/2021","11,485.80","11,450.54","11,485.80","11,420.66","178.23M","0.31%"
"01/18/2021","11,450.54","11,446.53","11,503.28","11,446.53","150.44M","0.04%"
"01/17/2021","11,446.53","11,453.43","11,477.74","11,424.66","107.97M","-0.06%"
"01/14/2021","11,453.43","11,388.90","11,462.05","11,380.86","149.21M","0.57%"
"01/13/2021","11,388.90","11,339.75","11,388.90","11,328.61","280.04M","0.43%"
"01/12/2021","11,339.75","11,278.72","11,354.34","11,274.91","173.84M","0.54%"
"01/11/2021","11,278.72","11,213.48","11,287.12","11,213.48","141.28M","0.58%"
"01/10/2021","11,213.48","10,952.14","11,218.10","10,952.14","181.18M","2.39%"
"01/06/2021","10,952.14","10,829.96","10,971.57","10,829.96","139.81M","1.13%"
"01/05/2021","10,829.96","10,813.78","10,855.15","10,804.94","204.74M","0.15%"
"01/04/2021","10,813.78","10,845.03","10,860.66","10,813.16","145.14M","-0.29%"
"01/03/2021","10,845.03","10,845.26","10,846.56","10,804.16","128.36M","0.00%"
"12/31/2020","10,845.26","10,867.76","10,897.12","10,844.48","158.44M","-0.21%"
"12/30/2020","10,867.76","10,736.88","10,869.72","10,736.88","188.47M","1.22%"
"12/29/2020","10,736.88","10,658.55","10,737.44","10,658.55","168.55M","0.73%"
"12/28/2020","10,658.55","10,585.56","10,674.72","10,585.56","164.65M","0.69%"
"12/27/2020","10,585.56","10,683.86","10,701.70","10,585.51","214.37M","-0.92%"
"12/24/2020","10,683.86","10,677.51","10,730.07","10,677.51","259.64M","0.06%"
"12/23/2020","10,677.51","10,655.91","10,717.00","10,655.91","171.41M","0.20%"
"12/22/2020","10,655.91","10,581.76","10,655.91","10,545.86","138.82M","0.70%"
"12/21/2020","10,581.76","10,890.30","10,890.96","10,580.55","235.29M","-2.83%"
"12/20/2020","10,890.30","10,844.58","10,895.08","10,823.33","106.41M","0.42%"
"12/17/2020","10,844.58","10,983.03","10,983.03","10,843.47","130.10M","-1.26%"
"12/16/2020","10,983.03","11,057.62","11,063.83","10,983.03","154.80M","-0.67%"
"12/15/2020","11,057.62","11,047.97","11,100.78","11,047.97","195.64M","0.09%"
"12/14/2020","11,047.97","11,003.77","11,072.77","11,003.77","175.25M","0.40%"
"12/13/2020","11,003.77","10,987.39","11,003.97","10,979.29","115.48M","0.15%"
"12/10/2020","10,987.39","11,018.09","11,022.18","10,987.39","139.08M","-0.28%"
"12/09/2020","11,018.09","11,019.08","11,049.64","11,013.35","183.76M","-0.01%"
"12/08/2020","11,019.08","10,995.13","11,019.90","10,989.26","236.33M","0.22%"
"12/07/2020","10,995.13","11,024.84","11,036.43","10,995.08","247.85M","-0.27%"
"12/06/2020","11,024.84","11,015.01","11,044.38","11,015.01","284.84M","0.09%"
"12/03/2020","11,015.01","11,023.34","11,027.70","10,970.36","125.69M","-0.08%"
"12/02/2020","11,023.34","11,040.78","11,103.72","11,023.34","219.67M","-0.16%"
"12/01/2020","11,040.78","10,943.35","11,040.95","10,937.88","178.18M","0.89%"
"11/30/2020","10,943.35","11,009.27","11,017.56","10,940.41","170.43M","-0.60%"
"11/29/2020","11,009.27","10,980.96","11,026.28","10,980.45","139.91M","0.26%"
"11/26/2020","10,980.96","11,068.44","11,085.77","10,966.49","127.71M","-0.79%"
"11/25/2020","11,068.44","10,997.35","11,112.49","10,997.35","238.34M","0.65%"
"11/24/2020","10,997.35","10,885.11","10,998.93","10,885.11","271.12M","1.03%"
"11/23/2020","10,885.11","10,858.26","10,924.78","10,858.26","226.03M","0.25%"
"11/22/2020","10,858.26","10,898.67","10,920.66","10,852.72","73.95M","-0.37%"
"11/19/2020","10,898.67","10,989.72","10,989.72","10,890.08","123.62M","-0.83%"
"11/18/2020","10,989.72","11,063.98","11,070.03","10,989.72","121.42M","-0.67%"
"11/17/2020","11,063.98","10,991.61","11,076.74","10,991.61","234.76M","0.66%"
"11/16/2020","10,991.61","10,953.13","10,994.38","10,953.13","145.17M","0.35%"
"11/15/2020","10,953.13","11,017.28","11,042.74","10,953.13","124.85M","-0.58%"
"11/12/2020","11,017.28","10,997.65","11,028.41","10,997.65","213.68M","0.18%"
"11/11/2020","10,997.65","11,077.25","11,077.25","10,982.18","174.25M","-0.72%"
"11/10/2020","11,077.25","10,838.66","11,122.98","10,838.66","206.46M","2.20%"
"11/09/2020","10,838.66","10,680.27","10,838.66","10,680.27","188.23M","1.48%"
"11/08/2020","10,680.27","10,629.29","10,680.27","10,613.13","50.47M","0.48%"
"11/05/2020","10,629.29","10,556.89","10,637.82","10,513.58","89.51M","0.69%"
"11/04/2020","10,556.89","10,512.16","10,562.75","10,512.16","75.91M","0.43%"
"11/03/2020","10,512.16","10,429.34","10,512.16","10,426.93","114.15M","0.79%"
"11/02/2020","10,429.34","10,456.33","10,511.48","10,426.92","181.86M","-0.26%"
"11/01/2020","10,456.33","10,515.25","10,515.25","10,456.33","131.34M","-0.56%"
"10/28/2020","10,515.25","10,559.71","10,581.33","10,496.13","155.64M","-0.42%"
"10/27/2020","10,559.71","10,511.94","10,559.98","10,511.79","158.49M","0.45%"
"10/26/2020","10,511.94","10,602.98","10,649.05","10,500.54","90.99M","-0.86%"
"10/25/2020","10,602.98","10,987.43","10,987.43","10,414.66","113.94M","-3.50%"
"10/22/2020","10,987.43","11,101.63","11,101.63","10,987.07","181.24M","-1.03%"
"10/21/2020","11,101.63","11,157.62","11,184.04","11,101.63","148.50M","-0.50%"
"10/20/2020","11,157.62","11,171.36","11,175.89","11,123.17","106.28M","-0.12%"
"10/19/2020","11,171.36","11,185.15","11,199.91","11,163.11","113.33M","-0.12%"
"10/18/2020","11,185.15","11,322.71","11,322.71","11,185.15","92.63M","-1.21%"
"10/15/2020","11,322.71","11,333.91","11,375.85","11,322.71","148.34M","-0.10%"
"10/14/2020","11,333.91","11,291.81","11,334.06","11,282.69","157.49M","0.37%"
"10/13/2020","11,291.81","11,397.65","11,397.65","11,291.72","125.52M","-0.93%"
"10/12/2020","11,397.65","11,360.37","11,423.92","11,360.37","218.69M","0.33%"
"10/11/2020","11,360.37","11,326.98","11,382.11","11,326.98","254.04M","0.29%"
"10/07/2020","11,326.98","11,146.18","11,344.82","11,146.18","203.28M","1.62%"
"10/06/2020","11,146.18","11,007.69","11,146.22","11,007.69","167.20M","1.26%"
"10/05/2020","11,007.69","11,071.46","11,122.65","10,999.90","105.00M","-0.58%"
"10/04/2020","11,071.46","11,051.30","11,083.15","11,051.30","102.03M","0.18%"
"10/01/2020","11,051.30","10,989.27","11,065.23","10,988.86","126.54M","0.56%"
"09/30/2020","10,989.27","10,987.19","10,999.37","10,975.83","128.05M","0.02%"
"09/29/2020","10,987.19","10,969.94","11,000.83","10,969.94","160.09M","0.16%"
"09/28/2020","10,969.94","10,902.22","10,985.76","10,902.22","221.89M","0.62%"
"09/27/2020","10,902.22","10,911.44","10,993.60","10,898.72","131.61M","-0.08%"
"09/24/2020","10,911.44","10,979.44","10,979.44","10,887.88","115.82M","-0.62%"
"09/23/2020","10,979.44","10,963.01","11,062.28","10,963.01","126.56M","0.15%"
"09/22/2020","10,963.01","10,910.37","10,963.01","10,818.29","156.21M","0.48%"
"09/21/2020","10,910.37","10,969.32","11,025.53","10,910.33","199.99M","-0.54%"
"09/20/2020","10,969.32","11,050.89","11,050.89","10,949.99","85.16M","-0.74%"
"09/17/2020","11,050.89","11,088.20","11,110.95","11,050.89","701.25M","-0.34%"
"09/16/2020","11,088.20","11,028.06","11,091.40","11,027.32","136.48M","0.55%"
"09/15/2020","11,028.06","11,034.38","11,049.54","11,013.17","102.60M","-0.06%"
"09/14/2020","11,034.38","11,091.67","11,119.75","11,034.07","156.85M","-0.52%"
"09/13/2020","11,091.67","11,070.84","11,100.76","11,049.31","120.05M","0.19%"
"09/10/2020","11,070.84","10,929.89","11,073.85","10,929.89","134.57M","1.29%"
"09/09/2020","10,929.89","10,951.29","10,954.69","10,873.66","168.24M","-0.20%"
"09/08/2020","10,951.29","11,136.03","11,136.03","10,937.29","205.12M","-1.66%"
"09/07/2020","11,136.03","11,073.02","11,190.53","11,072.00","170.24M","0.57%"
"09/06/2020","11,073.02","11,180.81","11,180.81","11,041.28","107.37M","-0.96%"
"09/03/2020","11,180.81","11,214.22","11,254.92","11,180.12","145.58M","-0.30%"
"09/02/2020","11,214.22","11,233.94","11,243.34","11,183.44","195.27M","-0.18%"
"09/01/2020","11,233.94","11,365.99","11,367.01","11,233.94","182.66M","-1.16%"
"08/31/2020","11,365.99","11,434.81","11,490.42","11,365.99","247.25M","-0.60%"
"08/30/2020","11,434.81","11,462.45","11,478.03","11,419.61","190.87M","-0.24%"
"08/27/2020","11,462.45","11,453.78","11,468.18","11,422.85","264.89M","0.08%"
"08/26/2020","11,453.78","11,461.62","11,493.43","11,453.78","242.40M","-0.07%"
"08/25/2020","11,461.62","11,433.76","11,476.10","11,431.55","272.32M","0.24%"
"08/24/2020","11,433.76","11,391.08","11,461.65","11,391.08","321.00M","0.37%"
"08/23/2020","11,391.08","11,160.05","11,391.08","11,160.05","222.38M","2.07%"
"08/19/2020","11,160.05","11,077.11","11,160.16","11,076.86","195.16M","0.75%"
"08/18/2020","11,077.11","11,142.77","11,142.77","11,072.86","161.90M","-0.59%"
"08/17/2020","11,142.77","11,120.26","11,193.72","11,100.69","222.48M","0.20%"
"08/16/2020","11,120.26","10,944.18","11,131.36","10,944.18","234.57M","1.61%"
"08/13/2020","10,944.18","10,922.33","10,967.80","10,914.79","153.73M","0.20%"
"08/12/2020","10,922.33","10,919.47","10,974.65","10,919.47","230.84M","0.03%"
"08/11/2020","10,919.47","10,938.23","10,995.70","10,889.40","435.82M","-0.17%"
"08/10/2020","10,938.23","10,962.52","11,047.01","10,937.98","181.12M","-0.22%"
"08/09/2020","10,962.52","10,817.29","10,964.27","10,817.29","250.55M","1.34%"
"08/06/2020","10,817.29","10,704.33","10,827.28","10,704.33","279.30M","1.06%"
"08/05/2020","10,704.33","10,620.10","10,705.50","10,620.10","305.66M","0.79%"
"08/04/2020","10,620.10","10,599.46","10,668.90","10,596.80","329.56M","0.19%"
"07/29/2020","10,599.46","10,568.84","10,599.46","10,568.84","273.64M","0.29%"
"07/28/2020","10,568.84","10,575.47","10,621.90","10,568.54","164.19M","-0.06%"
"07/27/2020","10,575.47","10,524.45","10,592.33","10,524.45","109.87M","0.48%"
"07/26/2020","10,524.45","10,459.92","10,524.45","10,459.92","128.90M","0.62%"
"07/22/2020","10,459.92","10,558.35","10,570.96","10,457.75","109.87M","-0.93%"
"07/21/2020","10,558.35","10,380.45","10,593.76","10,380.45","194.99M","1.71%"
"07/20/2020","10,380.45","10,281.16","10,380.45","10,277.89","514.57M","0.97%"
"07/19/2020","10,281.16","10,441.20","10,476.02","10,271.96","166.11M","-1.53%"
"07/16/2020","10,441.20","10,617.42","10,617.42","10,378.23","145.50M","-1.66%"
"07/15/2020","10,617.42","10,873.53","10,932.57","10,617.42","351.42M","-2.36%"
"07/14/2020","10,873.53","11,007.85","11,007.85","10,867.70","682.79M","-1.22%"
"07/13/2020","11,007.85","11,071.96","11,140.45","11,007.85","682.79M","-0.58%"
"07/12/2020","11,071.96","10,957.02","11,072.12","10,957.02","198.09M","1.05%"
"07/09/2020","10,957.02","11,127.85","11,127.85","10,944.58","290.16M","-1.54%"
"07/08/2020","11,127.85","11,050.20","11,172.57","11,050.20","400.06M","0.70%"
"07/07/2020","11,050.20","11,087.64","11,104.32","11,037.43","227.95M","-0.34%"
"07/06/2020","11,087.64","10,959.35","11,100.75","10,959.35","232.41M","1.17%"
"07/05/2020","10,959.35","10,764.59","10,962.30","10,764.59","290.77M","1.81%"
"06/30/2020","10,764.59","10,750.10","10,821.72","10,750.10","232.41M","0.13%"
"06/29/2020","10,750.10","10,848.65","10,852.46","10,744.19","261.62M","-0.91%"
"06/28/2020","10,848.65","10,890.48","10,890.48","10,842.68","150.33M","-0.38%"
"06/25/2020","10,890.48","11,039.54","11,088.80","10,890.48","261.62M","-1.35%"
"06/24/2020","11,039.54","10,764.82","11,040.88","10,764.82","261.62M","2.55%"
"06/23/2020","10,764.82","10,742.36","10,773.43","10,695.40","173.86M","0.21%"
"06/22/2020","10,742.36","10,823.91","10,871.82","10,742.36","166.76M","-0.75%"
"06/21/2020","10,823.91","10,857.87","10,857.87","10,707.25","140.39M","-0.31%"
"06/18/2020","10,857.87","10,905.75","10,905.75","10,856.26","142.07M","-0.44%"
"06/17/2020","10,905.75","10,935.32","10,941.65","10,888.71","165.87M","-0.27%"
"06/16/2020","10,935.32","10,668.42","10,955.79","10,668.42","183.65M","2.50%"
"06/15/2020","10,668.42","10,731.17","10,731.17","10,575.45","144.18M","-0.58%"
"06/14/2020","10,731.17","10,831.92","10,831.92","10,703.99","134.12M","-0.93%"
"06/11/2020","10,831.92","10,933.58","10,933.58","10,831.92","136.89M","-0.93%"
"06/10/2020","10,933.58","11,063.04","11,067.60","10,933.58","164.20M","-1.17%"
"06/09/2020","11,063.04","11,146.53","11,146.53","11,063.04","299.02M","-0.75%"
"06/08/2020","11,146.53","11,108.62","11,215.28","11,086.10","236.26M","0.34%"
"06/07/2020","11,108.62","10,621.14","11,109.81","10,621.14","275.60M","4.59%"
"06/04/2020","10,621.14","10,424.10","10,621.30","10,424.10","225.42M","1.89%"
"06/03/2020","10,424.10","10,338.71","10,431.35","10,338.71","237.01M","0.83%"
"06/02/2020","10,338.71","10,227.38","10,344.02","10,227.38","162.66M","1.09%"
"06/01/2020","10,227.38","10,220.14","10,233.23","10,195.29","","0.07%"
"05/31/2020","10,220.14","10,109.91","10,248.99","10,109.91","85.03M","1.09%"
"05/21/2020","10,109.91","10,205.40","10,205.40","10,063.96","","-0.94%"
"05/20/2020","10,205.40","10,357.24","10,358.40","10,203.15","88.50M","-1.47%"
"05/19/2020","10,357.24","10,278.93","10,396.84","10,278.93","86.20M","0.76%"
"05/18/2020","10,278.93","10,357.44","10,378.46","10,278.93","86.20M","-0.76%"
"05/17/2020","10,357.44","10,287.21","10,366.79","10,282.92","68.39M","0.68%"
"05/14/2020","10,287.21","10,396.28","10,396.28","10,286.98","117.63M","-1.05%"
"05/13/2020","10,396.28","10,588.36","10,591.03","10,382.30","151.30M","-1.81%"
"05/12/2020","10,588.36","10,296.33","10,590.93","10,296.33","162.07M","2.84%"
"05/11/2020","10,296.33","10,257.75","10,296.36","10,161.39","153.49M","0.38%"
"05/10/2020","10,257.75","10,176.73","10,262.13","10,168.23","118.83M","0.80%"
"05/07/2020","10,176.73","10,293.95","10,312.70","10,173.99","188.68M","-1.14%"
"05/06/2020","10,293.95","10,188.31","10,295.24","10,188.31","141.56M","1.04%"
"05/05/2020","10,188.31","10,081.96","10,198.77","10,081.96","134.05M","1.05%"
"05/04/2020","10,081.96","10,199.85","10,199.85","10,069.92","159.25M","-1.16%"
"05/03/2020","10,199.85","10,554.04","10,554.04","10,199.85","212.34M","-3.36%"
"04/30/2020","10,554.04","10,545.26","10,571.54","10,513.71","159.25M","0.08%"
"04/29/2020","10,545.26","10,415.12","10,556.30","10,415.12","238.35M","1.25%"
"04/28/2020","10,415.12","10,376.00","10,419.97","10,333.88","238.35M","0.38%"
"04/27/2020","10,376.00","10,377.24","10,462.63","10,325.23","268.16M","-0.01%"
"04/26/2020","10,377.24","10,120.46","10,378.79","10,120.46","315.23M","2.54%"
"04/23/2020","10,120.46","9,801.33","10,120.46","9,801.33","249.12M","3.26%"
"04/22/2020","9,801.33","9,874.94","9,887.73","9,773.43","278.56M","-0.75%"
"04/21/2020","9,874.94","10,154.64","10,154.64","9,874.85","247.80M","-2.75%"
"04/16/2020","10,154.64","10,342.13","10,342.13","10,141.56","","-1.81%"
"04/15/2020","10,342.13","10,458.16","10,502.88","10,342.11","195.99M","-1.11%"
"04/14/2020","10,458.16","10,353.72","10,458.42","10,353.72","219.22M","1.01%"
"04/13/2020","10,353.72","10,237.47","10,374.16","10,237.47","190.69M","1.14%"
"04/12/2020","10,237.47","10,321.97","10,352.36","10,224.78","129.62M","-0.82%"
"04/09/2020","10,321.97","10,095.57","10,382.70","10,095.57","193.93M","2.24%"
"04/08/2020","10,095.57","9,840.62","10,097.65","9,840.62","268.91M","2.59%"
"04/07/2020","9,840.62","9,446.99","9,840.62","9,446.99","316.73M","4.17%"
"04/06/2020","9,446.99","9,272.88","9,447.08","9,272.88","146.39M","1.88%"
"04/05/2020","9,272.88","9,455.38","9,455.38","9,264.51","107.57M","-1.93%"
"04/02/2020","9,455.38","9,424.89","9,488.46","9,399.21","129.91M","0.32%"
"04/01/2020","9,424.89","9,593.94","9,593.94","9,414.23","125.93M","-1.76%"
"03/31/2020","9,593.94","9,521.43","9,623.99","9,517.10","159.74M","0.76%"
"03/30/2020","9,521.43","9,760.18","9,762.26","9,507.38","122.51M","-2.45%"
"03/29/2020","9,760.18","9,912.98","9,912.98","9,744.74","","-1.54%"
"03/26/2020","9,912.98","9,865.67","9,930.28","9,856.90","","0.48%"
"03/25/2020","9,865.67","9,770.48","9,910.81","9,770.48","148.63M","0.97%"
"03/24/2020","9,770.48","10,047.44","10,047.44","9,770.47","194.54M","-2.76%"
"03/23/2020","10,047.44","9,750.66","10,414.65","9,750.66","240.65M","3.04%"
"03/22/2020","9,750.66","9,205.58","9,824.58","9,205.58","154.69M","5.92%"
"03/19/2020","9,205.58","8,756.70","9,205.58","8,113.82","360.07M","5.13%"
"03/18/2020","8,756.70","9,201.65","9,323.59","8,756.70","118.92M","-4.84%"
"03/17/2020","9,201.65","9,428.94","9,428.94","9,160.64","141.36M","-2.41%"
"03/16/2020","9,428.94","10,148.34","10,148.34","9,285.56","178.46M","-7.09%"
"03/15/2020","10,148.34","11,194.12","11,194.12","10,148.34","152.72M","-9.34%"
"03/11/2020","11,194.12","11,199.96","11,399.21","11,192.68","153.67M","-0.05%"
"03/10/2020","11,199.96","10,983.48","11,199.96","10,983.48","203.40M","1.97%"
"03/09/2020","10,983.48","11,849.39","11,849.39","10,913.61","200.55M","-7.31%"
"03/08/2020","11,849.39","12,347.65","12,347.65","11,847.94","95.85M","-4.04%"
"03/05/2020","12,347.65","12,182.46","12,358.18","12,182.46","171.86M","1.36%"
"03/04/2020","12,182.46","12,419.52","12,475.68","12,181.93","97.43M","-1.91%"
"03/03/2020","12,419.52","12,289.87","12,488.97","12,289.87","147.54M","1.05%"
"03/02/2020","12,289.87","12,222.59","12,458.33","12,222.59","179.12M","0.55%"
"03/01/2020","12,222.59","13,008.94","13,008.94","12,210.82","121.41M","-6.04%"
"02/27/2020","13,008.94","13,200.66","13,255.64","13,008.94","207.49M","-1.45%"
"02/26/2020","13,200.66","13,328.26","13,328.26","13,190.14","129.67M","-0.96%"
"02/25/2020","13,328.26","13,441.86","13,442.48","13,326.41","123.62M","-0.85%"
"02/24/2020","13,441.86","13,688.05","13,688.05","13,441.28","123.62M","-1.80%"
"02/23/2020","13,688.05","13,720.65","13,763.24","13,688.05","55.67M","-0.24%"
"02/20/2020","13,720.65","13,694.99","13,741.07","13,693.43","111.98M","0.19%"
"02/19/2020","13,694.99","13,636.93","13,710.45","13,626.41","108.31M","0.43%"
"02/18/2020","13,636.93","13,800.25","13,803.82","13,636.93","88.51M","-1.18%"
"02/17/2020","13,800.25","13,737.40","13,806.12","13,734.67","62.04M","0.46%"
"02/16/2020","13,737.40","13,859.45","13,859.71","13,724.72","65.28M","-0.88%"
"02/13/2020","13,859.45","13,845.16","13,895.92","13,844.26","69.88M","0.10%"
"02/12/2020","13,845.16","14,009.32","14,009.40","13,840.94","62.47M","-1.17%"
"02/11/2020","14,009.32","13,979.36","14,052.93","13,979.36","60.57M","0.21%"
"02/10/2020","13,979.36","14,108.24","14,108.24","13,964.45","73.58M","-0.91%"
"02/09/2020","14,108.24","14,105.86","14,137.22","14,105.70","74.04M","0.02%"
"02/06/2020","14,105.86","13,987.16","14,121.54","13,987.16","112.78M","0.85%"
"02/05/2020","13,987.16","13,915.05","14,000.86","13,915.05","98.55M","0.52%"
"02/04/2020","13,915.05","13,878.33","13,970.67","13,878.33","78.89M","0.26%"
"02/03/2020","13,878.33","13,888.89","13,906.78","13,852.89","51.14M","-0.08%"
"02/02/2020","13,888.89","13,918.84","13,943.16","13,888.89","166.01M","-0.22%"
"01/30/2020","13,918.84","13,762.84","13,918.84","13,762.84","141.14M","1.13%"
"01/29/2020","13,762.84","13,620.58","13,764.43","13,620.58","79.05M","1.04%"
"01/28/2020","13,620.58","13,639.69","13,639.69","13,563.70","66.57M","-0.14%"
"01/27/2020","13,639.69","13,721.45","13,748.08","13,639.69","50.56M","-0.60%"
"01/26/2020","13,721.45","13,728.09","13,748.29","13,716.65","43.38M","-0.05%"
"01/23/2020","13,728.09","13,752.11","13,782.27","13,720.30","74.30M","-0.17%"
"01/22/2020","13,752.11","13,639.72","13,786.73","13,639.72","48.97M","0.82%"
"01/21/2020","13,639.72","13,773.73","13,773.73","13,631.72","59.66M","-0.97%"
"01/20/2020","13,773.73","13,918.18","13,941.65","13,773.73","51.01M","-1.04%"
"01/19/2020","13,918.18","13,824.16","13,977.72","13,817.52","49.68M","0.68%"
"01/16/2020","13,824.16","13,769.64","13,824.16","13,766.96","55.48M","0.40%"
"01/15/2020","13,769.64","13,756.64","13,779.28","13,713.63","48.21M","0.09%"
"01/14/2020","13,756.64","13,698.64","13,763.83","13,698.09","77.74M","0.42%"
"01/13/2020","13,698.64","13,802.57","13,834.09","13,698.64","98.24M","-0.75%"
"01/12/2020","13,802.57","13,729.81","13,802.99","13,726.32","60.24M","0.53%"
"01/09/2020","13,729.81","13,542.48","13,736.07","13,542.37","82.08M","1.38%"
"01/08/2020","13,542.48","13,212.66","13,542.48","13,102.08","113.25M","2.50%"
"01/06/2020","13,212.66","13,283.66","13,283.66","13,005.23","103.11M","-0.53%"
"01/05/2020","13,283.66","13,899.54","13,899.54","13,283.66","","-4.43%"
"01/02/2020","13,899.54","13,961.56","13,964.95","13,899.54","28.40M","-0.44%"